TransactionID,CustomerID,Date,Amount,Category
TXN01952,CUST0223,2024-12-23,3276.36,Beauty
TXN01371,CUST0149,2025-01-03,3278.85,Groceries
TXN00631,CUST0067,2025-01-09,4801.81,Sports
TXN01133,CUST0124,2025-02-02,6015.31,Clothing
TXN00057,CUST0007,2025-02-10,7923.66,Electronics
TXN02070,CUST0238,2025-02-12,3884.66,Clothing
TXN01949,CUST0223,2025-02-17,4977.94,Beauty
TXN00507,CUST0057,2025-02-23,4702.11,Groceries
TXN00630,CUST0067,2025-03-07,3657.02,Sports
TXN00270,CUST0030,2025-03-08,6928.64,Groceries
TXN00413,CUST0043,2025-03-14,3044.66,Beauty
TXN02624,CUST0300,2025-03-17,3736.11,Beauty
TXN02065,CUST0238,2025-03-21,6776.41,Home & Living
TXN01942,CUST0223,2025-03-23,7977.78,Sports
TXN02071,CUST0238,2025-03-24,2570.24,Home & Living
TXN02132,CUST0245,2025-04-02,6033.2,Home & Living
TXN00052,CUST0007,2025-04-06,3678.58,Beauty
TXN00271,CUST0030,2025-04-08,7709.3,Beauty
TXN00750,CUST0080,2025-04-10,4079.15,Home & Living
TXN02620,CUST0300,2025-04-13,6658.42,Home & Living
TXN01370,CUST0149,2025-04-13,5204.84,Sports
TXN02130,CUST0245,2025-04-19,2217.24,Sports
TXN00747,CUST0080,2025-04-24,7647.63,Electronics
TXN01363,CUST0149,2025-04-29,4429.81,Electronics
TXN02622,CUST0300,2025-04-29,6721.57,Electronics
TXN01174,CUST0129,2025-04-30,3836.28,Home & Living
TXN01173,CUST0129,2025-05-02,6016.14,Clothing
TXN00382,CUST0041,2025-05-09,6588.86,Beauty
TXN02285,CUST0263,2025-05-15,4974.3,Electronics
TXN00629,CUST0067,2025-05-16,2616.49,Electronics
TXN01134,CUST0124,2025-05-25,5562.68,Electronics
TXN01053,CUST0110,2025-05-25,7973.41,Sports
TXN00843,CUST0091,2025-05-27,6702.63,Electronics
TXN00053,CUST0007,2025-05-28,2975.7,Sports
TXN00964,CUST0101,2025-05-28,7568.61,Sports
TXN00625,CUST0067,2025-05-28,3451.59,Home & Living
TXN01130,CUST0124,2025-05-29,5796.82,Clothing
TXN02133,CUST0245,2025-05-29,2633.59,Clothing
TXN00657,CUST0069,2025-05-30,5127.78,Groceries
TXN01054,CUST0110,2025-05-31,3909.82,Groceries
TXN02533,CUST0292,2025-06-04,2285.5,Beauty
TXN01224,CUST0133,2025-06-07,2693.35,Home & Living
TXN00056,CUST0007,2025-06-10,2989.01,Electronics
TXN02126,CUST0245,2025-06-14,5121.1,Home & Living
TXN02283,CUST0263,2025-06-15,4559.55,Groceries
TXN01227,CUST0133,2025-06-15,7715.1,Sports
TXN01126,CUST0124,2025-06-16,4005.16,Home & Living
TXN00047,CUST0007,2025-06-20,2997.29,Electronics
TXN00310,CUST0033,2025-06-20,7638.92,Home & Living
TXN01946,CUST0223,2025-06-20,2120.28,Sports
TXN00051,CUST0007,2025-06-20,3595.63,Beauty
TXN01128,CUST0124,2025-06-21,7743.18,Clothing
TXN01944,CUST0223,2025-06-21,7006.57,Clothing
TXN02254,CUST0260,2025-06-23,2477.12,Electronics
TXN01223,CUST0133,2025-06-23,3012.86,Beauty
TXN00378,CUST0041,2025-06-23,4417.88,Groceries
TXN01131,CUST0124,2025-06-28,2066.47,Sports
TXN01226,CUST0133,2025-06-29,5635.56,Home & Living
TXN02617,CUST0300,2025-07-02,4603.61,Beauty
TXN01367,CUST0149,2025-07-05,4083.15,Electronics
TXN00260,CUST0030,2025-07-05,2069.72,Groceries
TXN00689,CUST0073,2025-07-08,2976.2,Groceries
TXN00376,CUST0041,2025-07-08,5767.7,Sports
TXN00537,CUST0059,2025-07-11,3424.6,Home & Living
TXN01217,CUST0133,2025-07-11,3980.94,Groceries
TXN01047,CUST0110,2025-07-15,2889.3,Sports
TXN00753,CUST0080,2025-07-16,5572.16,Clothing
TXN00377,CUST0041,2025-07-17,6835.55,Home & Living
TXN00746,CUST0080,2025-07-19,2697.15,Clothing
TXN01225,CUST0133,2025-07-19,2086.29,Clothing
TXN01366,CUST0149,2025-07-19,7218.09,Sports
TXN00966,CUST0101,2025-07-20,5970.67,Electronics
TXN00917,CUST0099,2025-07-21,7489.8,Clothing
TXN00943,CUST0100,2025-07-22,2091.06,Clothing
TXN00748,CUST0080,2025-07-23,3076.19,Sports
TXN01361,CUST0149,2025-07-23,7772.35,Home & Living
TXN02274,CUST0263,2025-07-27,3057.17,Electronics
TXN01365,CUST0149,2025-07-27,5062.76,Home & Living
TXN00626,CUST0067,2025-07-28,5315.01,Home & Living
TXN00847,CUST0091,2025-07-28,2034.31,Clothing
TXN00349,CUST0038,2025-07-28,3070.68,Beauty
TXN01710,CUST0191,2025-07-31,7454.38,Home & Living
TXN00937,CUST0100,2025-08-01,7373.38,Home & Living
TXN00623,CUST0067,2025-08-01,6318.75,Sports
TXN01618,CUST0180,2025-08-01,2223.33,Home & Living
TXN02068,CUST0238,2025-08-02,2682.57,Home & Living
TXN01449,CUST0161,2025-08-04,1068.12,Clothing
TXN02550,CUST0294,2025-08-06,1325.34,Clothing
TXN00265,CUST0030,2025-08-07,4894.14,Home & Living
TXN00264,CUST0030,2025-08-07,2616.75,Sports
TXN02614,CUST0300,2025-08-09,5478.93,Electronics
TXN00632,CUST0067,2025-08-10,6960.29,Clothing
TXN02536,CUST0292,2025-08-13,4626.66,Groceries
TXN02616,CUST0300,2025-08-13,2735.11,Electronics
TXN01848,CUST0209,2025-08-13,7976.98,Sports
TXN02417,CUST0284,2025-08-13,7597.08,Beauty
TXN01218,CUST0133,2025-08-13,6253.39,Groceries
TXN00654,CUST0069,2025-08-16,3981.46,Home & Living
TXN02281,CUST0263,2025-08-17,6464.3,Sports
TXN01342,CUST0148,2025-08-18,1934.52,Electronics
TXN02278,CUST0263,2025-08-18,4257.21,Home & Living
TXN00261,CUST0030,2025-08-18,4879.63,Sports
TXN02336,CUST0274,2025-08-18,315.28,Sports
TXN00142,CUST0019,2025-08-20,1674.14,Clothing
TXN02168,CUST0252,2025-08-20,2069.07,Beauty
TXN02531,CUST0292,2025-08-21,4825.52,Electronics
TXN00307,CUST0033,2025-08-23,2104.28,Electronics
TXN02328,CUST0271,2025-08-25,999.15,Beauty
TXN01802,CUST0206,2025-08-26,4674.15,Beauty
TXN00348,CUST0038,2025-08-26,6421.24,Groceries
TXN01450,CUST0161,2025-08-26,1020.81,Home & Living
TXN00863,CUST0094,2025-08-27,538.29,Electronics
TXN00505,CUST0057,2025-08-29,4011.25,Groceries
TXN00519,CUST0058,2025-08-29,1458.14,Electronics
TXN02258,CUST0261,2025-08-29,740.59,Clothing
TXN01740,CUST0196,2025-08-30,1822.93,Beauty
TXN00784,CUST0084,2025-08-30,3686.23,Clothing
TXN00045,CUST0007,2025-08-31,7346.86,Sports
TXN02248,CUST0260,2025-08-31,6827.85,Groceries
TXN02451,CUST0286,2025-08-31,7864.21,Clothing
TXN02413,CUST0284,2025-09-01,4818.8,Home & Living
TXN01943,CUST0223,2025-09-01,7408.68,Electronics
TXN01369,CUST0149,2025-09-01,7654.23,Electronics
TXN02090,CUST0240,2025-09-01,708.96,Sports
TXN02279,CUST0263,2025-09-02,5440.41,Home & Living
TXN01617,CUST0180,2025-09-02,4024.86,Groceries
TXN01843,CUST0209,2025-09-02,5923.97,Clothing
TXN00941,CUST0100,2025-09-02,5576.49,Sports
TXN00686,CUST0073,2025-09-02,7760.81,Beauty
TXN00303,CUST0033,2025-09-02,7920.16,Electronics
TXN00078,CUST0011,2025-09-02,2245.21,Beauty
TXN00658,CUST0069,2025-09-03,6620.95,Sports
TXN00718,CUST0078,2025-09-03,7411.64,Sports
TXN00912,CUST0099,2025-09-03,4042.47,Clothing
TXN02247,CUST0260,2025-09-03,6610.53,Electronics
TXN00690,CUST0073,2025-09-03,2072.62,Groceries
TXN02129,CUST0245,2025-09-04,7252.23,Beauty
TXN00218,CUST0027,2025-09-05,1892.04,Clothing
TXN01842,CUST0209,2025-09-05,4760.38,Groceries
TXN01426,CUST0157,2025-09-06,223.75,Electronics
TXN01983,CUST0227,2025-09-06,444.5,Electronics
TXN02398,CUST0283,2025-09-09,2377.52,Groceries
TXN00738,CUST0080,2025-09-09,5009.09,Sports
TXN02385,CUST0282,2025-09-09,704.15,Groceries
TXN02124,CUST0245,2025-09-09,7909.7,Home & Living
TXN00504,CUST0057,2025-09-09,3884.36,Groceries
TXN02610,CUST0300,2025-09-10,7813.54,Beauty
TXN02275,CUST0263,2025-09-10,3893.92,Sports
TXN01170,CUST0129,2025-09-11,6852.96,Groceries
TXN01121,CUST0124,2025-09-12,6065.27,Beauty
TXN02412,CUST0284,2025-09-13,3361.32,Electronics
TXN01079,CUST0116,2025-09-13,1150.02,Electronics
TXN01320,CUST0146,2025-09-13,3515.18,Electronics
TXN02415,CUST0284,2025-09-13,6071.28,Electronics
TXN01947,CUST0223,2025-09-14,2840.99,Electronics
TXN00634,CUST0068,2025-09-14,564.62,Sports
TXN01482,CUST0165,2025-09-14,4690.08,Beauty
TXN01238,CUST0134,2025-09-14,2348.15,Electronics
TXN02351,CUST0275,2025-09-14,1683.83,Sports
TXN02246,CUST0260,2025-09-15,5955.97,Electronics
TXN00946,CUST0100,2025-09-15,6805.88,Beauty
TXN02020,CUST0233,2025-09-16,1426.78,Electronics
TXN00682,CUST0073,2025-09-16,4440.04,Clothing
TXN00288,CUST0032,2025-09-16,1267.69,Groceries
TXN00919,CUST0099,2025-09-17,5410.79,Electronics
TXN01124,CUST0124,2025-09-17,6983.74,Home & Living
TXN01481,CUST0165,2025-09-17,3341.68,Clothing
TXN00167,CUST0022,2025-09-17,3612.06,Groceries
TXN00309,CUST0033,2025-09-17,5193.47,Sports
TXN02186,CUST0254,2025-09-18,966.79,Sports
TXN01690,CUST0190,2025-09-18,1970.93,Sports
TXN02416,CUST0284,2025-09-19,4657.62,Sports
TXN00586,CUST0064,2025-09-19,854.34,Beauty
TXN00535,CUST0059,2025-09-19,6643.28,Electronics
TXN00203,CUST0025,2025-09-20,1557.87,Clothing
TXN00938,CUST0100,2025-09-21,3629.8,Electronics
TXN01615,CUST0180,2025-09-22,5640.3,Beauty
TXN01583,CUST0176,2025-09-22,802.53,Clothing
TXN01430,CUST0158,2025-09-22,1004.02,Groceries
TXN00405,CUST0043,2025-09-22,3528.02,Groceries
TXN02450,CUST0286,2025-09-23,5697.35,Groceries
TXN00839,CUST0091,2025-09-23,6929.89,Sports
TXN02386,CUST0282,2025-09-23,739.65,Home & Living
TXN02240,CUST0260,2025-09-23,2402.56,Home & Living
TXN02064,CUST0238,2025-09-23,4871.87,Electronics
TXN00683,CUST0073,2025-09-24,3557.25,Electronics
TXN00714,CUST0078,2025-09-24,2311.41,Home & Living
TXN01817,CUST0207,2025-09-24,4092.57,Clothing
TXN01671,CUST0188,2025-09-24,1701.21,Sports
TXN01169,CUST0129,2025-09-24,4917.04,Clothing
TXN02060,CUST0238,2025-09-25,6953.18,Clothing
TXN01840,CUST0209,2025-09-25,6833.65,Home & Living
TXN01586,CUST0177,2025-09-25,613.01,Groceries
TXN00585,CUST0064,2025-09-26,1212.37,Groceries
TXN01354,CUST0149,2025-09-26,5129.31,Electronics
TXN01132,CUST0124,2025-09-26,2765.42,Electronics
TXN02535,CUST0292,2025-09-27,3193.5,Clothing
TXN02609,CUST0300,2025-09-27,6810.48,Groceries
TXN01709,CUST0191,2025-09-27,5697.44,Electronics
TXN01821,CUST0207,2025-09-27,5201.33,Beauty
TXN02056,CUST0238,2025-09-28,4614.41,Sports
TXN00922,CUST0099,2025-09-28,3696.81,Clothing
TXN02449,CUST0286,2025-09-28,6352.34,Groceries
TXN02273,CUST0263,2025-09-28,2863.01,Home & Living
TXN01951,CUST0223,2025-09-29,2656.14,Sports
TXN00691,CUST0073,2025-09-29,6828.52,Beauty
TXN01982,CUST0227,2025-09-29,948.73,Sports
TXN02612,CUST0300,2025-09-29,2892.73,Beauty
TXN02061,CUST0238,2025-09-29,4943.68,Home & Living
TXN01566,CUST0174,2025-09-29,2335.55,Sports
TXN00390,CUST0042,2025-09-30,2467.36,Clothing
TXN01081,CUST0117,2025-09-30,239.51,Beauty
TXN01668,CUST0188,2025-09-30,896.41,Beauty
TXN02066,CUST0238,2025-09-30,6015.1,Clothing
TXN01938,CUST0223,2025-10-01,6247.69,Beauty
TXN00408,CUST0043,2025-10-01,2901.01,Home & Living
TXN02000,CUST0231,2025-10-01,735.66,Electronics
TXN00380,CUST0041,2025-10-02,6934.88,Electronics
TXN02251,CUST0260,2025-10-02,5177.87,Electronics
TXN02036,CUST0235,2025-10-02,1136.7,Beauty
TXN00273,CUST0030,2025-10-02,6254.36,Groceries
TXN02579,CUST0297,2025-10-02,945.24,Home & Living
TXN02433,CUST0285,2025-10-03,2030.66,Clothing
TXN01364,CUST0149,2025-10-03,5471.25,Electronics
TXN02001,CUST0231,2025-10-03,393.59,Clothing
TXN00226,CUST0028,2025-10-03,1490.29,Sports
TXN01052,CUST0110,2025-10-04,6978.34,Sports
TXN00217,CUST0027,2025-10-04,847.79,Groceries
TXN01171,CUST0129,2025-10-04,7152.19,Clothing
TXN00374,CUST0041,2025-10-05,5447.52,Home & Living
TXN00541,CUST0059,2025-10-05,5624.43,Clothing
TXN01219,CUST0133,2025-10-05,6044.11,Sports
TXN02059,CUST0238,2025-10-05,4364.5,Beauty
TXN01517,CUST0169,2025-10-06,2334.37,Groceries
TXN01798,CUST0206,2025-10-06,3033.01,Home & Living
TXN02576,CUST0296,2025-10-06,1566.79,Groceries
TXN00910,CUST0099,2025-10-06,6224.5,Beauty
TXN00740,CUST0080,2025-10-07,2976.89,Electronics
TXN00945,CUST0100,2025-10-07,3960.77,Electronics
TXN01284,CUST0142,2025-10-08,742.61,Sports
TXN00997,CUST0105,2025-10-09,144.28,Home & Living
TXN00844,CUST0091,2025-10-09,6417.37,Beauty
TXN00911,CUST0099,2025-10-09,6965.32,Beauty
TXN02618,CUST0300,2025-10-10,5131.25,Electronics
TXN00838,CUST0091,2025-10-10,5928.25,Sports
TXN02529,CUST0292,2025-10-10,7831.55,Groceries
TXN02337,CUST0274,2025-10-10,1013.76,Electronics
TXN00655,CUST0069,2025-10-10,7265.88,Groceries
TXN00173,CUST0022,2025-10-10,2840.11,Clothing
TXN02452,CUST0286,2025-10-11,7427.63,Electronics
TXN02591,CUST0298,2025-10-11,1649.74,Electronics
TXN00909,CUST0099,2025-10-12,5691.52,Sports
TXN02338,CUST0274,2025-10-12,588.16,Clothing
TXN02063,CUST0238,2025-10-13,3947.32,Clothing
TXN02199,CUST0255,2025-10-13,1519.45,Sports
TXN01598,CUST0178,2025-10-14,1498.22,Sports
TXN01176,CUST0129,2025-10-14,6510.95,Clothing
TXN00891,CUST0098,2025-10-15,1441.73,Electronics
TXN00834,CUST0091,2025-10-15,4296.79,Groceries
TXN00622,CUST0067,2025-10-15,5620.96,Beauty
TXN00138,CUST0019,2025-10-15,1682.55,Beauty
TXN01744,CUST0197,2025-10-15,1010.34,Beauty
TXN02229,CUST0259,2025-10-15,1027.01,Beauty
TXN01995,CUST0229,2025-10-16,887.96,Beauty
TXN01712,CUST0191,2025-10-16,5120.81,Groceries
TXN01616,CUST0180,2025-10-16,2516.81,Clothing
TXN00835,CUST0091,2025-10-16,3631.68,Sports
TXN00266,CUST0030,2025-10-17,6654.83,Groceries
TXN02253,CUST0260,2025-10-17,7276.38,Electronics
TXN00635,CUST0068,2025-10-17,842.65,Electronics
TXN01909,CUST0217,2025-10-17,636.02,Clothing
TXN01563,CUST0174,2025-10-18,1558.53,Sports
TXN02592,CUST0298,2025-10-18,524.25,Home & Living
TXN02623,CUST0300,2025-10-19,6943.88,Sports
TXN00996,CUST0105,2025-10-19,112.43,Home & Living
TXN00849,CUST0092,2025-10-20,546.61,Sports
TXN00301,CUST0033,2025-10-20,7065.02,Home & Living
TXN01895,CUST0216,2025-10-20,1819.74,Beauty
TXN01283,CUST0142,2025-10-20,685.43,Groceries
TXN00734,CUST0080,2025-10-21,4577.58,Beauty
TXN00404,CUST0043,2025-10-21,5952.15,Electronics
TXN00192,CUST0024,2025-10-21,1478.85,Clothing
TXN02327,CUST0271,2025-10-22,204.37,Groceries
TXN00193,CUST0024,2025-10-22,1839.83,Groceries
TXN01339,CUST0148,2025-10-22,1177.89,Sports
TXN01713,CUST0191,2025-10-22,6911.56,Home & Living
TXN00749,CUST0080,2025-10-22,6427.31,Groceries
TXN00896,CUST0098,2025-10-22,1789.49,Home & Living
TXN02118,CUST0245,2025-10-23,4316.94,Clothing
TXN00651,CUST0069,2025-10-23,2599.2,Groceries
TXN01663,CUST0188,2025-10-24,774.61,Groceries
TXN00212,CUST0027,2025-10-25,1701.6,Sports
TXN01253,CUST0137,2025-10-25,902.53,Sports
TXN00793,CUST0085,2025-10-25,2157.74,Sports
TXN01910,CUST0217,2025-10-25,1646.98,Electronics
TXN00375,CUST0041,2025-10-26,5006.92,Electronics
TXN02211,CUST0256,2025-10-26,1847.03,Electronics
TXN00694,CUST0073,2025-10-27,2922.84,Clothing
TXN02474,CUST0288,2025-10-27,1696.36,Sports
TXN00470,CUST0053,2025-10-28,1159.73,Beauty
TXN01581,CUST0176,2025-10-30,904.16,Home & Living
TXN00498,CUST0057,2025-10-30,3918.0,Electronics
TXN01961,CUST0224,2025-10-30,1595.23,Beauty
TXN00965,CUST0101,2025-10-30,2698.15,Clothing
TXN00242,CUST0029,2025-10-30,2243.07,Beauty
TXN02333,CUST0273,2025-10-30,501.59,Beauty
TXN02372,CUST0281,2025-10-30,830.18,Sports
TXN00776,CUST0084,2025-10-31,6624.46,Electronics
TXN02575,CUST0296,2025-11-01,1177.6,Electronics
TXN01707,CUST0191,2025-11-01,4038.16,Beauty
TXN02157,CUST0251,2025-11-01,908.48,Home & Living
TXN00542,CUST0059,2025-11-01,7829.2,Beauty
TXN02137,CUST0246,2025-11-01,218.99,Beauty
TXN02123,CUST0245,2025-11-01,5569.72,Groceries
TXN00503,CUST0057,2025-11-01,7928.39,Groceries
TXN01814,CUST0207,2025-11-02,3164.77,Home & Living
TXN02255,CUST0260,2025-11-02,4508.79,Beauty
TXN00328,CUST0037,2025-11-02,2194.33,Home & Living
TXN02135,CUST0246,2025-11-02,239.32,Electronics
TXN01341,CUST0148,2025-11-02,1822.69,Clothing
TXN00262,CUST0030,2025-11-03,6542.36,Home & Living
TXN00302,CUST0033,2025-11-03,7209.63,Home & Living
TXN02383,CUST0282,2025-11-03,1158.71,Beauty
TXN01998,CUST0230,2025-11-04,1019.36,Beauty
TXN00455,CUST0050,2025-11-04,1979.97,Groceries
TXN01667,CUST0188,2025-11-04,1915.88,Sports
TXN01453,CUST0162,2025-11-04,185.15,Groceries
TXN01837,CUST0209,2025-11-05,5605.74,Clothing
TXN00807,CUST0087,2025-11-05,257.13,Groceries
TXN01063,CUST0111,2025-11-05,1671.18,Sports
TXN01844,CUST0209,2025-11-06,2514.77,Home & Living
TXN01979,CUST0226,2025-11-06,2480.45,Beauty
TXN02284,CUST0263,2025-11-06,5152.59,Beauty
TXN01782,CUST0203,2025-11-06,2129.13,Groceries
TXN01897,CUST0216,2025-11-06,781.0,Electronics
TXN01768,CUST0202,2025-11-06,5999.15,Electronics
TXN01446,CUST0161,2025-11-07,2239.23,Beauty
TXN01359,CUST0149,2025-11-07,5213.25,Groceries
TXN00166,CUST0022,2025-11-08,4826.39,Electronics
TXN00866,CUST0094,2025-11-08,1669.0,Electronics
TXN00538,CUST0059,2025-11-08,4926.0,Sports
TXN01321,CUST0146,2025-11-08,3236.03,Clothing
TXN02326,CUST0271,2025-11-09,104.8,Clothing
TXN01865,CUST0211,2025-11-09,1922.24,Clothing
TXN01495,CUST0167,2025-11-09,1043.44,Clothing
TXN01711,CUST0191,2025-11-09,5489.53,Electronics
TXN01074,CUST0114,2025-11-09,184.4,Sports
TXN01115,CUST0124,2025-11-09,7568.31,Clothing
TXN02430,CUST0285,2025-11-09,1108.31,Sports
TXN02084,CUST0240,2025-11-09,2343.45,Beauty
TXN01836,CUST0209,2025-11-10,2091.05,Home & Living
TXN01448,CUST0161,2025-11-10,1645.54,Sports
TXN00152,CUST0021,2025-11-10,679.24,Electronics
TXN02148,CUST0249,2025-11-10,936.84,Beauty
TXN01408,CUST0153,2025-11-10,5658.09,Groceries
TXN01584,CUST0176,2025-11-11,2260.31,Clothing
TXN02375,CUST0282,2025-11-11,2401.19,Groceries
TXN01269,CUST0141,2025-11-12,878.01,Sports
TXN02214,CUST0257,2025-11-12,685.95,Sports
TXN00171,CUST0022,2025-11-12,5459.1,Sports
TXN02125,CUST0245,2025-11-12,3573.83,Electronics
TXN01554,CUST0173,2025-11-12,1838.53,Groceries
TXN01073,CUST0114,2025-11-12,480.19,Electronics
TXN00497,CUST0057,2025-11-13,2500.78,Electronics
TXN00960,CUST0101,2025-11-13,4754.74,Beauty
TXN01905,CUST0217,2025-11-13,802.92,Groceries
TXN02037,CUST0235,2025-11-13,1013.9,Clothing
TXN02136,CUST0246,2025-11-13,200.38,Sports
TXN02018,CUST0233,2025-11-13,1830.55,Sports
TXN02195,CUST0255,2025-11-13,2076.32,Clothing
TXN01670,CUST0188,2025-11-14,2182.19,Groceries
TXN00141,CUST0019,2025-11-14,2345.92,Groceries
TXN02131,CUST0245,2025-11-14,3822.34,Clothing
TXN00471,CUST0053,2025-11-14,966.48,Sports
TXN00214,CUST0027,2025-11-14,1525.38,Groceries
TXN00935,CUST0100,2025-11-14,6705.24,Clothing
TXN00516,CUST0058,2025-11-14,1801.54,Sports
TXN00583,CUST0064,2025-11-15,1271.02,Sports
TXN01870,CUST0212,2025-11-15,350.91,Clothing
TXN00496,CUST0057,2025-11-15,2912.63,Home & Living
TXN02173,CUST0253,2025-11-15,1184.51,Groceries
TXN01327,CUST0146,2025-11-15,4571.87,Beauty
TXN00837,CUST0091,2025-11-15,6955.51,Beauty
TXN01562,CUST0174,2025-11-16,1449.09,Clothing
TXN01571,CUST0175,2025-11-16,461.64,Electronics
TXN00520,CUST0058,2025-11-16,2336.15,Sports
TXN02580,CUST0297,2025-11-16,652.34,Electronics
TXN02432,CUST0285,2025-11-16,1369.31,Groceries
TXN01997,CUST0230,2025-11-16,838.34,Clothing
TXN00617,CUST0067,2025-11-17,6090.49,Electronics
TXN02039,CUST0236,2025-11-17,745.31,Groceries
TXN00331,CUST0037,2025-11-17,2411.05,Beauty
TXN00458,CUST0050,2025-11-17,1018.59,Sports
TXN01787,CUST0205,2025-11-18,182.64,Home & Living
TXN01565,CUST0174,2025-11-18,610.87,Groceries
TXN00429,CUST0047,2025-11-18,927.02,Clothing
TXN00856,CUST0094,2025-11-18,1488.3,Sports
TXN01796,CUST0206,2025-11-18,4277.6,Home & Living
TXN02296,CUST0264,2025-11-18,1973.3,Sports
TXN02371,CUST0281,2025-11-18,572.71,Groceries
TXN01962,CUST0224,2025-11-18,669.3,Clothing
TXN01708,CUST0191,2025-11-18,6743.08,Sports
TXN00049,CUST0007,2025-11-18,3685.78,Sports
TXN01646,CUST0183,2025-11-18,1150.53,Groceries
TXN01913,CUST0218,2025-11-19,663.83,Sports
TXN01669,CUST0188,2025-11-19,1744.75,Electronics
TXN02573,CUST0296,2025-11-19,1964.61,Clothing
TXN00782,CUST0084,2025-11-19,5593.07,Beauty
TXN01215,CUST0133,2025-11-20,3109.52,Sports
TXN00296,CUST0033,2025-11-20,3408.04,Groceries
TXN00995,CUST0105,2025-11-20,562.0,Clothing
TXN01080,CUST0117,2025-11-20,739.91,Sports
TXN00956,CUST0101,2025-11-20,4175.36,Electronics
TXN01058,CUST0111,2025-11-20,2060.7,Beauty
TXN01642,CUST0182,2025-11-20,3484.78,Beauty
TXN02395,CUST0283,2025-11-20,989.23,Beauty
TXN01963,CUST0224,2025-11-20,1412.32,Beauty
TXN01123,CUST0124,2025-11-20,7062.53,Beauty
TXN01869,CUST0212,2025-11-21,457.18,Home & Living
TXN00920,CUST0099,2025-11-21,7574.87,Sports
TXN00993,CUST0104,2025-11-21,1109.2,Electronics
TXN02411,CUST0284,2025-11-21,6031.66,Electronics
TXN02590,CUST0298,2025-11-21,2488.9,Beauty
TXN02565,CUST0295,2025-11-21,2110.13,Clothing
TXN00633,CUST0068,2025-11-21,728.99,Groceries
TXN01981,CUST0227,2025-11-22,1105.89,Beauty
TXN00850,CUST0092,2025-11-22,443.42,Sports
TXN02121,CUST0245,2025-11-22,6718.9,Groceries
TXN00756,CUST0081,2025-11-22,510.59,Clothing
TXN00818,CUST0090,2025-11-22,648.21,Groceries
TXN01029,CUST0109,2025-11-22,589.99,Electronics
TXN02227,CUST0259,2025-11-22,871.05,Groceries
TXN01959,CUST0224,2025-11-23,1942.32,Groceries
TXN02473,CUST0288,2025-11-23,618.62,Beauty
TXN01455,CUST0162,2025-11-23,177.87,Groceries
TXN01030,CUST0109,2025-11-23,1322.75,Electronics
TXN01704,CUST0191,2025-11-23,2467.27,Sports
TXN01078,CUST0116,2025-11-24,600.92,Electronics
TXN02092,CUST0241,2025-11-24,1003.19,Groceries
TXN02194,CUST0255,2025-11-24,679.26,Clothing
TXN00043,CUST0007,2025-11-24,2497.35,Electronics
TXN00781,CUST0084,2025-11-24,7617.68,Home & Living
TXN00347,CUST0038,2025-11-24,4710.61,Groceries
TXN00726,CUST0079,2025-11-24,1889.19,Beauty
TXN01150,CUST0127,2025-11-24,776.96,Clothing
TXN00499,CUST0057,2025-11-25,3938.07,Home & Living
TXN00149,CUST0020,2025-11-25,631.42,Sports
TXN00700,CUST0076,2025-11-25,263.0,Beauty
TXN01801,CUST0206,2025-11-25,5069.54,Groceries
TXN02360,CUST0276,2025-11-25,1247.86,Home & Living
TXN00916,CUST0099,2025-11-25,4016.04,Home & Living
TXN01049,CUST0110,2025-11-25,5318.67,Electronics
TXN01122,CUST0124,2025-11-25,2436.41,Groceries
TXN00858,CUST0094,2025-11-25,1224.86,Sports
TXN02158,CUST0251,2025-11-25,1003.63,Electronics
TXN00862,CUST0094,2025-11-26,1835.52,Beauty
TXN00272,CUST0030,2025-11-26,5568.66,Electronics
TXN01542,CUST0172,2025-11-26,6830.72,Sports
TXN01657,CUST0187,2025-11-26,588.01,Home & Living
TXN02245,CUST0260,2025-11-26,7166.38,Beauty
TXN01255,CUST0137,2025-11-26,2261.79,Electronics
TXN01595,CUST0178,2025-11-26,1058.68,Electronics
TXN01042,CUST0110,2025-11-26,2764.22,Sports
TXN01767,CUST0202,2025-11-26,3898.81,Beauty
TXN01847,CUST0209,2025-11-27,7338.49,Home & Living
TXN01980,CUST0227,2025-11-27,435.03,Clothing
TXN00650,CUST0069,2025-11-27,2348.55,Sports
TXN01323,CUST0146,2025-11-27,4674.95,Beauty
TXN01915,CUST0219,2025-11-27,114.87,Beauty
TXN00406,CUST0043,2025-11-28,4768.86,Clothing
TXN01823,CUST0208,2025-11-28,365.48,Home & Living
TXN01737,CUST0196,2025-11-28,1217.74,Beauty
TXN01331,CUST0148,2025-11-28,593.99,Home & Living
TXN01745,CUST0197,2025-11-28,198.67,Electronics
TXN01766,CUST0202,2025-11-28,6436.85,Groceries
TXN01771,CUST0202,2025-11-29,6621.37,Sports
TXN01906,CUST0217,2025-11-29,1028.03,Home & Living
TXN02381,CUST0282,2025-11-29,1945.22,Electronics
TXN02008,CUST0232,2025-11-29,567.09,Sports
TXN02561,CUST0295,2025-11-29,6415.61,Sports
TXN02244,CUST0260,2025-11-29,4326.59,Home & Living
TXN01480,CUST0165,2025-11-29,2790.84,Clothing
TXN00806,CUST0087,2025-11-29,1139.63,Electronics
TXN01960,CUST0224,2025-11-29,1209.69,Clothing
TXN02534,CUST0292,2025-11-30,6130.24,Groceries
TXN02396,CUST0283,2025-11-30,1037.11,Sports
TXN01743,CUST0197,2025-11-30,420.32,Electronics
TXN01907,CUST0217,2025-11-30,1809.81,Electronics
TXN02357,CUST0276,2025-11-30,1525.17,Clothing
TXN01149,CUST0126,2025-11-30,1112.83,Beauty
TXN00277,CUST0031,2025-12-01,897.31,Home & Living
TXN00529,CUST0059,2025-12-01,3437.06,Electronics
TXN01282,CUST0142,2025-12-01,1030.16,Groceries
TXN02054,CUST0238,2025-12-01,2050.71,Clothing
TXN00502,CUST0057,2025-12-01,6914.38,Groceries
TXN00063,CUST0009,2025-12-02,327.95,Electronics
TXN00677,CUST0073,2025-12-02,5281.16,Sports
TXN00994,CUST0105,2025-12-02,139.52,Groceries
TXN01656,CUST0187,2025-12-02,1189.71,Sports
TXN01180,CUST0130,2025-12-02,2198.2,Home & Living
TXN00692,CUST0073,2025-12-02,7088.25,Clothing
TXN01818,CUST0207,2025-12-02,7377.69,Electronics
TXN01882,CUST0214,2025-12-02,1592.78,Electronics
TXN00439,CUST0048,2025-12-03,904.96,Groceries
TXN00151,CUST0021,2025-12-03,928.57,Groceries
TXN01166,CUST0129,2025-12-03,7529.08,Electronics
TXN01270,CUST0141,2025-12-03,101.04,Groceries
TXN02325,CUST0271,2025-12-03,1108.81,Beauty
TXN01162,CUST0129,2025-12-03,3971.35,Electronics
TXN01996,CUST0230,2025-12-03,898.81,Beauty
TXN00285,CUST0032,2025-12-04,2234.06,Electronics
TXN01880,CUST0214,2025-12-04,2392.15,Sports
TXN01493,CUST0167,2025-12-04,2040.04,Beauty
TXN00060,CUST0008,2025-12-04,1199.69,Sports
TXN02461,CUST0287,2025-12-05,2105.36,Groceries
TXN02335,CUST0274,2025-12-05,222.74,Sports
TXN00741,CUST0080,2025-12-05,3148.57,Home & Living
TXN00469,CUST0053,2025-12-05,195.07,Groceries
TXN00230,CUST0028,2025-12-05,1916.73,Clothing
TXN01483,CUST0165,2025-12-05,3862.23,Electronics
TXN01868,CUST0212,2025-12-06,1190.85,Groceries
TXN00275,CUST0031,2025-12-06,757.22,Sports
TXN01941,CUST0223,2025-12-06,2563.95,Home & Living
TXN01055,CUST0110,2025-12-06,5553.81,Clothing
TXN01332,CUST0148,2025-12-06,978.03,Beauty
TXN01515,CUST0169,2025-12-06,4493.77,Sports
TXN02359,CUST0276,2025-12-07,693.18,Beauty
TXN00229,CUST0028,2025-12-07,1816.9,Electronics
TXN01594,CUST0178,2025-12-07,1799.09,Groceries
TXN02038,CUST0236,2025-12-07,213.73,Electronics
TXN02613,CUST0300,2025-12-07,7780.91,Electronics
TXN00096,CUST0014,2025-12-07,2367.38,Beauty
TXN01893,CUST0216,2025-12-07,1395.91,Groceries
TXN00685,CUST0073,2025-12-08,6755.57,Clothing
TXN01407,CUST0153,2025-12-08,6157.52,Beauty
TXN01545,CUST0172,2025-12-08,2858.37,Groceries
TXN01318,CUST0146,2025-12-08,3104.27,Beauty
TXN02559,CUST0295,2025-12-08,3631.16,Home & Living
TXN01645,CUST0183,2025-12-08,141.28,Groceries
TXN02483,CUST0289,2025-12-08,1146.39,Home & Living
TXN02073,CUST0238,2025-12-08,4670.64,Clothing
TXN02072,CUST0238,2025-12-08,3944.81,Home & Living
TXN01994,CUST0229,2025-12-08,993.55,Clothing
TXN02230,CUST0259,2025-12-08,1348.78,Beauty
TXN00185,CUST0023,2025-12-09,1696.57,Electronics
TXN02169,CUST0252,2025-12-09,2160.39,Beauty
TXN00098,CUST0014,2025-12-09,660.47,Clothing
TXN01917,CUST0220,2025-12-09,820.25,Clothing
TXN02297,CUST0264,2025-12-09,2108.22,Electronics
TXN01071,CUST0113,2025-12-10,535.53,Electronics
TXN00627,CUST0067,2025-12-10,3628.46,Sports
TXN02213,CUST0257,2025-12-11,462.97,Beauty
TXN01051,CUST0110,2025-12-11,2569.79,Home & Living
TXN01916,CUST0219,2025-12-11,846.67,Electronics
TXN01593,CUST0178,2025-12-11,1400.13,Electronics
TXN01280,CUST0142,2025-12-11,1536.15,Beauty
TXN02380,CUST0282,2025-12-11,1240.0,Groceries
TXN00852,CUST0093,2025-12-11,787.08,Beauty
TXN00263,CUST0030,2025-12-11,6345.71,Clothing
TXN02172,CUST0253,2025-12-11,1192.47,Clothing
TXN00306,CUST0033,2025-12-11,4384.27,Groceries
TXN02081,CUST0240,2025-12-11,561.94,Beauty
TXN00605,CUST0066,2025-12-11,2025.19,Sports
TXN00111,CUST0016,2025-12-12,2365.88,Clothing
TXN01644,CUST0183,2025-12-12,395.08,Clothing
TXN02166,CUST0252,2025-12-12,2093.7,Beauty
TXN00190,CUST0024,2025-12-12,1964.45,Beauty
TXN02611,CUST0300,2025-12-12,2249.58,Home & Living
TXN01454,CUST0162,2025-12-12,762.48,Groceries
TXN00715,CUST0078,2025-12-12,6390.35,Home & Living
TXN01196,CUST0132,2025-12-13,2491.47,Beauty
TXN01437,CUST0160,2025-12-13,998.58,Beauty
TXN01100,CUST0122,2025-12-13,1052.92,Home & Living
TXN01579,CUST0176,2025-12-13,754.45,Beauty
TXN00913,CUST0099,2025-12-13,4809.98,Home & Living
TXN00698,CUST0074,2025-12-13,822.29,Groceries
TXN00846,CUST0091,2025-12-14,2569.51,Home & Living
TXN00724,CUST0079,2025-12-14,1238.56,Electronics
TXN00851,CUST0093,2025-12-14,142.83,Clothing
TXN02358,CUST0276,2025-12-14,1859.62,Home & Living
TXN00831,CUST0091,2025-12-14,3213.53,Clothing
TXN00864,CUST0094,2025-12-15,1407.16,Sports
TXN00403,CUST0043,2025-12-15,6710.1,Beauty
TXN01142,CUST0125,2025-12-15,1137.38,Groceries
TXN02076,CUST0239,2025-12-15,787.44,Sports
TXN00150,CUST0021,2025-12-15,941.89,Home & Living
TXN00754,CUST0080,2025-12-15,2410.0,Electronics
TXN01815,CUST0207,2025-12-15,3954.21,Electronics
TXN01041,CUST0110,2025-12-15,6372.67,Electronics
TXN02362,CUST0277,2025-12-15,715.1,Electronics
TXN02282,CUST0263,2025-12-15,5826.22,Home & Living
TXN01018,CUST0108,2025-12-15,650.78,Sports
TXN01116,CUST0124,2025-12-15,6034.34,Electronics
TXN00161,CUST0022,2025-12-15,7356.03,Beauty
TXN01933,CUST0223,2025-12-16,5325.8,Electronics
TXN01167,CUST0129,2025-12-16,7381.97,Sports
TXN02069,CUST0238,2025-12-16,6272.43,Sports
TXN01681,CUST0189,2025-12-16,2432.04,Beauty
TXN01683,CUST0189,2025-12-16,660.13,Groceries
TXN02272,CUST0263,2025-12-16,4998.23,Clothing
TXN01800,CUST0206,2025-12-17,3690.75,Groceries
TXN02183,CUST0254,2025-12-17,2168.28,Groceries
TXN02370,CUST0280,2025-12-17,218.2,Electronics
TXN01161,CUST0129,2025-12-17,4243.68,Beauty
TXN01428,CUST0158,2025-12-17,127.11,Groceries
TXN01106,CUST0123,2025-12-17,2267.13,Groceries
TXN01175,CUST0129,2025-12-17,2030.84,Clothing
TXN01298,CUST0144,2025-12-18,979.64,Clothing
TXN01898,CUST0216,2025-12-18,1508.14,Electronics
TXN01378,CUST0150,2025-12-18,1175.96,Home & Living
TXN01445,CUST0161,2025-12-18,1665.07,Sports
TXN02210,CUST0256,2025-12-18,2217.34,Sports
TXN01902,CUST0217,2025-12-18,758.07,Home & Living
TXN02346,CUST0275,2025-12-18,991.5,Home & Living
TXN01072,CUST0114,2025-12-18,375.97,Groceries
TXN02024,CUST0234,2025-12-18,2283.64,Home & Living
TXN00936,CUST0100,2025-12-18,4467.18,Groceries
TXN00931,CUST0100,2025-12-18,2989.31,Home & Living
TXN00440,CUST0048,2025-12-19,2012.53,Sports
TXN02607,CUST0300,2025-12-19,6284.79,Beauty
TXN01867,CUST0211,2025-12-19,2135.7,Clothing
TXN01538,CUST0172,2025-12-19,4212.35,Beauty
TXN02549,CUST0294,2025-12-19,2139.74,Beauty
TXN01570,CUST0175,2025-12-19,190.21,Clothing
TXN02208,CUST0256,2025-12-19,1040.12,Beauty
TXN01832,CUST0209,2025-12-19,6771.73,Electronics
TXN01478,CUST0165,2025-12-19,4050.49,Groceries
TXN00204,CUST0025,2025-12-20,1201.42,Sports
TXN01804,CUST0206,2025-12-20,7202.91,Beauty
TXN00075,CUST0011,2025-12-20,2911.42,Sports
TXN02615,CUST0300,2025-12-20,5638.46,Electronics
TXN00755,CUST0081,2025-12-20,813.36,Sports
TXN01479,CUST0165,2025-12-20,4802.11,Electronics
TXN00137,CUST0019,2025-12-20,872.64,Electronics
TXN01585,CUST0177,2025-12-20,802.19,Sports
TXN01245,CUST0136,2025-12-20,898.69,Home & Living
TXN02471,CUST0288,2025-12-20,1314.35,Sports
TXN01820,CUST0207,2025-12-21,6987.47,Clothing
TXN00468,CUST0053,2025-12-21,253.17,Home & Living
TXN00816,CUST0090,2025-12-21,915.91,Sports
TXN01626,CUST0181,2025-12-21,1625.31,Clothing
TXN00011,CUST0003,2025-12-21,1144.06,Home & Living
TXN01612,CUST0180,2025-12-21,4272.22,Home & Living
TXN02184,CUST0254,2025-12-21,2166.76,Clothing
TXN00990,CUST0104,2025-12-21,668.26,Groceries
TXN01417,CUST0155,2025-12-21,811.05,Sports
TXN00819,CUST0090,2025-12-22,963.1,Beauty
TXN01684,CUST0189,2025-12-22,669.53,Home & Living
TXN00315,CUST0035,2025-12-22,1110.55,Electronics
TXN00494,CUST0057,2025-12-22,3013.13,Sports
TXN02091,CUST0241,2025-12-22,1114.83,Electronics
TXN02171,CUST0253,2025-12-22,237.17,Electronics
TXN01742,CUST0197,2025-12-22,269.36,Sports
TXN01048,CUST0110,2025-12-22,7366.43,Home & Living
TXN01485,CUST0166,2025-12-22,621.48,Groceries
TXN02509,CUST0291,2025-12-22,2956.34,Home & Living
TXN02107,CUST0244,2025-12-22,839.52,Beauty
TXN01452,CUST0162,2025-12-23,436.39,Electronics
TXN02097,CUST0243,2025-12-23,334.92,Home & Living
TXN01536,CUST0172,2025-12-23,4447.63,Beauty
TXN01914,CUST0219,2025-12-23,955.07,Clothing
TXN02397,CUST0283,2025-12-23,1821.95,Groceries
TXN00595,CUST0065,2025-12-23,2254.18,Home & Living
TXN00833,CUST0091,2025-12-23,5042.36,Electronics
TXN00485,CUST0056,2025-12-23,362.68,Electronics
TXN02394,CUST0283,2025-12-23,1331.57,Clothing
TXN01019,CUST0108,2025-12-23,406.83,Clothing
TXN02361,CUST0276,2025-12-23,582.46,Home & Living
TXN00308,CUST0033,2025-12-24,4728.44,Clothing
TXN02448,CUST0286,2025-12-24,6830.11,Electronics
TXN00512,CUST0058,2025-12-24,1888.3,Electronics
TXN02225,CUST0259,2025-12-24,2444.46,Beauty
TXN01467,CUST0164,2025-12-24,2291.63,Beauty
TXN02088,CUST0240,2025-12-24,1717.17,Groceries
TXN00112,CUST0016,2025-12-24,1258.46,Electronics
TXN01350,CUST0149,2025-12-24,4829.76,Electronics
TXN01252,CUST0137,2025-12-25,1957.74,Home & Living
TXN00809,CUST0089,2025-12-25,772.47,Clothing
TXN01924,CUST0222,2025-12-25,1072.52,Beauty
TXN01855,CUST0210,2025-12-25,1457.4,Groceries
TXN01266,CUST0140,2025-12-25,923.47,Beauty
TXN00921,CUST0099,2025-12-25,2114.93,Clothing
TXN00050,CUST0007,2025-12-25,3018.08,Home & Living
TXN01705,CUST0191,2025-12-25,5413.53,Electronics
TXN01513,CUST0169,2025-12-25,7893.54,Groceries
TXN01540,CUST0172,2025-12-25,6034.09,Clothing
TXN01425,CUST0157,2025-12-26,1137.28,Groceries
TXN01077,CUST0116,2025-12-26,778.07,Sports
TXN00457,CUST0050,2025-12-26,1895.34,Clothing
TXN02341,CUST0275,2025-12-26,1341.75,Groceries
TXN00244,CUST0029,2025-12-26,2143.03,Clothing
TXN02490,CUST0290,2025-12-26,1791.02,Clothing
TXN01624,CUST0181,2025-12-26,1805.46,Beauty
TXN01643,CUST0183,2025-12-26,1007.77,Sports
TXN01089,CUST0119,2025-12-27,437.67,Beauty
TXN00366,CUST0041,2025-12-27,2914.5,Beauty
TXN00369,CUST0041,2025-12-27,6692.17,Groceries
TXN00765,CUST0083,2025-12-27,685.25,Clothing
TXN02316,CUST0269,2025-12-27,1647.0,Groceries
TXN01564,CUST0174,2025-12-27,1181.93,Groceries
TXN01543,CUST0172,2025-12-27,3097.36,Clothing
TXN01209,CUST0133,2025-12-27,7921.38,Sports
TXN01721,CUST0194,2025-12-27,547.78,Groceries
TXN01390,CUST0152,2025-12-27,1653.09,Groceries
TXN00219,CUST0027,2025-12-28,1745.87,Beauty
TXN00644,CUST0069,2025-12-28,4499.03,Beauty
TXN00467,CUST0052,2025-12-28,171.9,Beauty
TXN01834,CUST0209,2025-12-28,4942.69,Groceries
TXN01005,CUST0106,2025-12-28,1643.99,Beauty
TXN02062,CUST0238,2025-12-28,4942.73,Beauty
TXN02578,CUST0297,2025-12-28,145.38,Home & Living
TXN00007,CUST0001,2025-12-29,1814.22,Beauty
TXN01251,CUST0137,2025-12-29,2268.96,Groceries
TXN01640,CUST0182,2025-12-29,5052.24,Groceries
TXN01602,CUST0179,2025-12-29,873.61,Beauty
TXN00327,CUST0037,2025-12-29,1500.89,Beauty
TXN02365,CUST0279,2025-12-29,994.22,Sports
TXN00878,CUST0097,2025-12-29,728.86,Home & Living
TXN02134,CUST0246,2025-12-29,238.81,Sports
TXN00350,CUST0038,2025-12-29,5280.18,Groceries
TXN00895,CUST0098,2025-12-30,1635.45,Electronics
TXN01197,CUST0132,2025-12-30,1252.83,Beauty
TXN02269,CUST0263,2025-12-30,5325.02,Groceries
TXN00165,CUST0022,2025-12-30,2840.68,Groceries
TXN01043,CUST0110,2025-12-30,7545.53,Sports
TXN01786,CUST0205,2025-12-30,874.59,Beauty
TXN02428,CUST0285,2025-12-30,2329.77,Home & Living
TXN00790,CUST0085,2025-12-30,1115.59,Beauty
TXN02295,CUST0264,2025-12-30,926.73,Sports
TXN01268,CUST0141,2025-12-30,622.61,Home & Living
TXN00128,CUST0018,2025-12-30,1887.9,Home & Living
TXN01561,CUST0174,2025-12-30,1662.64,Electronics
TXN01854,CUST0210,2025-12-30,1320.05,Sports
TXN00971,CUST0102,2025-12-31,1010.03,Sports
TXN02435,CUST0285,2025-12-31,1543.77,Sports
TXN01212,CUST0133,2025-12-31,4420.89,Clothing
TXN00079,CUST0011,2025-12-31,3062.06,Beauty
TXN01819,CUST0207,2025-12-31,4073.72,Electronics
TXN00908,CUST0099,2025-12-31,4808.41,Electronics
TXN01601,CUST0179,2025-12-31,1112.69,Home & Living
TXN00676,CUST0073,2026-01-01,2457.44,Sports
TXN01429,CUST0158,2026-01-01,1020.02,Sports
TXN01148,CUST0126,2026-01-01,829.24,Home & Living
TXN00481,CUST0055,2026-01-01,624.55,Sports
TXN00822,CUST0090,2026-01-01,1813.46,Clothing
TXN00134,CUST0019,2026-01-01,1802.73,Electronics
TXN00892,CUST0098,2026-01-01,1874.08,Home & Living
TXN00549,CUST0060,2026-01-01,559.34,Clothing
TXN02530,CUST0292,2026-01-01,2991.04,Home & Living
TXN00905,CUST0099,2026-01-02,2912.29,Electronics
TXN01785,CUST0205,2026-01-02,626.11,Sports
TXN00848,CUST0092,2026-01-02,243.09,Home & Living
TXN01940,CUST0223,2026-01-02,4751.9,Sports
TXN00958,CUST0101,2026-01-02,7045.45,Sports
TXN01569,CUST0175,2026-01-02,138.68,Clothing
TXN02330,CUST0272,2026-01-02,867.93,Home & Living
TXN01484,CUST0165,2026-01-02,7642.98,Beauty
TXN00420,CUST0046,2026-01-02,240.91,Electronics
TXN01831,CUST0209,2026-01-02,7595.89,Electronics
TXN01340,CUST0148,2026-01-03,1670.59,Groceries
TXN00139,CUST0019,2026-01-03,911.16,Electronics
TXN02587,CUST0298,2026-01-03,1003.71,Clothing
TXN01424,CUST0157,2026-01-03,249.23,Beauty
TXN00934,CUST0100,2026-01-03,3063.16,Beauty
TXN00414,CUST0044,2026-01-03,391.55,Sports
TXN02427,CUST0285,2026-01-03,529.62,Sports
TXN01901,CUST0217,2026-01-04,1474.94,Beauty
TXN01416,CUST0155,2026-01-04,808.3,Beauty
TXN01794,CUST0206,2026-01-04,3644.5,Sports
TXN00428,CUST0047,2026-01-04,829.63,Beauty
TXN00346,CUST0038,2026-01-04,6005.3,Groceries
TXN02082,CUST0240,2026-01-04,2290.2,Clothing
TXN01639,CUST0182,2026-01-04,2316.26,Electronics
TXN01427,CUST0158,2026-01-04,580.43,Sports
TXN00514,CUST0058,2026-01-04,2018.5,Home & Living
TXN01892,CUST0216,2026-01-04,1153.55,Sports
TXN01278,CUST0142,2026-01-05,1360.69,Groceries
TXN01567,CUST0174,2026-01-05,1555.52,Electronics
TXN00399,CUST0043,2026-01-05,7855.24,Groceries
TXN00684,CUST0073,2026-01-05,5734.06,Groceries
TXN01423,CUST0156,2026-01-05,2156.37,Beauty
TXN00697,CUST0074,2026-01-05,966.3,Home & Living
TXN00140,CUST0019,2026-01-05,728.53,Home & Living
TXN00250,CUST0030,2026-01-05,3645.29,Clothing
TXN00559,CUST0061,2026-01-05,1792.9,Clothing
TXN01405,CUST0153,2026-01-05,7197.4,Sports
TXN00581,CUST0064,2026-01-05,1448.01,Sports
TXN00246,CUST0029,2026-01-05,1402.77,Beauty
TXN02608,CUST0300,2026-01-05,3104.25,Beauty
TXN02095,CUST0242,2026-01-06,895.24,Groceries
TXN00448,CUST0049,2026-01-06,1496.51,Sports
TXN02292,CUST0264,2026-01-06,561.55,Electronics
TXN00463,CUST0051,2026-01-06,248.89,Home & Living
TXN01070,CUST0112,2026-01-06,613.76,Electronics
TXN02231,CUST0259,2026-01-07,1574.83,Electronics
TXN00437,CUST0048,2026-01-07,2067.58,Home & Living
TXN01524,CUST0170,2026-01-07,863.26,Clothing
TXN02147,CUST0249,2026-01-07,164.39,Groceries
TXN00163,CUST0022,2026-01-07,6983.93,Beauty
TXN01435,CUST0159,2026-01-07,1050.34,Home & Living
TXN01702,CUST0191,2026-01-07,5936.01,Electronics
TXN01263,CUST0139,2026-01-07,540.05,Sports
TXN01908,CUST0217,2026-01-08,992.0,Electronics
TXN02462,CUST0287,2026-01-08,1662.73,Groceries
TXN02329,CUST0272,2026-01-08,991.48,Groceries
TXN00082,CUST0012,2026-01-08,662.82,Clothing
TXN02301,CUST0266,2026-01-08,993.18,Home & Living
TXN00407,CUST0043,2026-01-08,7370.71,Electronics
TXN01262,CUST0139,2026-01-08,582.14,Sports
TXN00441,CUST0048,2026-01-08,749.43,Beauty
TXN01061,CUST0111,2026-01-08,1456.98,Clothing
TXN01655,CUST0187,2026-01-09,555.03,Clothing
TXN01211,CUST0133,2026-01-09,3602.45,Groceries
TXN01748,CUST0199,2026-01-09,940.68,Electronics
TXN01003,CUST0106,2026-01-09,2241.27,Beauty
TXN00299,CUST0033,2026-01-09,6240.66,Sports
TXN01147,CUST0126,2026-01-09,1091.5,Electronics
TXN00975,CUST0103,2026-01-10,1133.17,Clothing
TXN02406,CUST0284,2026-01-10,7123.69,Clothing
TXN02349,CUST0275,2026-01-10,2206.35,Home & Living
TXN00367,CUST0041,2026-01-10,3461.94,Sports
TXN00180,CUST0023,2026-01-10,2408.17,Sports
TXN02409,CUST0284,2026-01-10,6787.66,Beauty
TXN01384,CUST0151,2026-01-10,1153.95,Beauty
TXN01335,CUST0148,2026-01-10,985.09,Home & Living
TXN00558,CUST0061,2026-01-10,660.36,Electronics
TXN02523,CUST0292,2026-01-10,2919.78,Sports
TXN00325,CUST0037,2026-01-10,1388.84,Sports
TXN00059,CUST0008,2026-01-11,115.04,Sports
TXN01974,CUST0225,2026-01-11,2333.29,Home & Living
TXN00656,CUST0069,2026-01-11,6573.85,Home & Living
TXN00594,CUST0065,2026-01-11,1598.64,Beauty
TXN01555,CUST0173,2026-01-11,2206.57,Electronics
TXN00009,CUST0002,2026-01-11,200.98,Electronics
TXN02032,CUST0235,2026-01-11,1027.21,Electronics
TXN01856,CUST0210,2026-01-11,2323.18,Sports
TXN02334,CUST0273,2026-01-11,930.98,Clothing
TXN01494,CUST0167,2026-01-11,2428.71,Electronics
TXN01795,CUST0206,2026-01-11,7867.12,Clothing
TXN02366,CUST0279,2026-01-12,399.81,Clothing
TXN00979,CUST0103,2026-01-12,1258.08,Sports
TXN02350,CUST0275,2026-01-12,1809.13,Beauty
TXN00010,CUST0003,2026-01-12,611.14,Beauty
TXN01436,CUST0160,2026-01-12,1105.26,Clothing
TXN00353,CUST0040,2026-01-12,708.22,Groceries
TXN01751,CUST0200,2026-01-12,746.08,Home & Living
TXN01117,CUST0124,2026-01-12,4482.07,Home & Living
TXN01978,CUST0226,2026-01-12,1949.83,Groceries
TXN00906,CUST0099,2026-01-12,2562.66,Groceries
TXN00058,CUST0008,2026-01-12,1022.16,Groceries
TXN00084,CUST0013,2026-01-12,690.25,Sports
TXN00425,CUST0047,2026-01-12,1016.86,Groceries
TXN01539,CUST0172,2026-01-12,2835.81,Home & Living
TXN02197,CUST0255,2026-01-12,2199.98,Beauty
TXN00618,CUST0067,2026-01-13,3453.39,Sports
TXN01097,CUST0121,2026-01-13,153.2,Groceries
TXN01623,CUST0181,2026-01-13,631.25,Electronics
TXN01401,CUST0153,2026-01-13,3901.42,Home & Living
TXN00907,CUST0099,2026-01-13,7667.99,Clothing
TXN02510,CUST0291,2026-01-13,6961.42,Clothing
TXN02376,CUST0282,2026-01-13,902.35,Beauty
TXN01923,CUST0222,2026-01-13,1737.87,Electronics
TXN00681,CUST0073,2026-01-13,7763.76,Home & Living
TXN02577,CUST0296,2026-01-13,569.76,Home & Living
TXN01764,CUST0202,2026-01-13,2592.11,Sports
TXN01315,CUST0146,2026-01-14,7279.03,Beauty
TXN02593,CUST0298,2026-01-14,2332.84,Home & Living
TXN01336,CUST0148,2026-01-14,960.77,Groceries
TXN01143,CUST0125,2026-01-14,621.8,Clothing
TXN02271,CUST0263,2026-01-14,5074.64,Groceries
TXN01781,CUST0203,2026-01-14,1758.29,Groceries
TXN02408,CUST0284,2026-01-14,5730.95,Home & Living
TXN02560,CUST0295,2026-01-14,6620.53,Beauty
TXN01665,CUST0188,2026-01-14,1004.29,Electronics
TXN00329,CUST0037,2026-01-14,797.98,Beauty
TXN02315,CUST0269,2026-01-14,1668.45,Sports
TXN01017,CUST0108,2026-01-14,577.8,Groceries
TXN00276,CUST0031,2026-01-14,144.83,Home & Living
TXN00160,CUST0022,2026-01-14,2736.66,Clothing
TXN02261,CUST0262,2026-01-15,711.28,Clothing
TXN00932,CUST0100,2026-01-15,4692.67,Groceries
TXN00758,CUST0082,2026-01-15,1052.71,Electronics
TXN00490,CUST0057,2026-01-15,5139.98,Home & Living
TXN00561,CUST0061,2026-01-15,2247.4,Home & Living
TXN02393,CUST0283,2026-01-15,2260.5,Electronics
TXN01379,CUST0150,2026-01-15,2001.2,Groceries
TXN02493,CUST0290,2026-01-15,511.26,Home & Living
TXN00228,CUST0028,2026-01-15,1034.06,Sports
TXN00085,CUST0013,2026-01-15,608.79,Beauty
TXN01839,CUST0209,2026-01-15,4594.62,Home & Living
TXN02242,CUST0260,2026-01-16,3756.45,Beauty
TXN00894,CUST0098,2026-01-16,892.84,Electronics
TXN02260,CUST0262,2026-01-16,696.8,Beauty
TXN00239,CUST0029,2026-01-16,2364.06,Beauty
TXN01295,CUST0144,2026-01-16,1605.63,Groceries
TXN01689,CUST0190,2026-01-16,1852.31,Beauty
TXN00046,CUST0007,2026-01-16,3517.94,Clothing
TXN00241,CUST0029,2026-01-16,634.7,Groceries
TXN00978,CUST0103,2026-01-16,516.12,Groceries
TXN01662,CUST0188,2026-01-16,2023.87,Sports
TXN01935,CUST0223,2026-01-16,7057.7,Clothing
TXN01265,CUST0140,2026-01-17,700.27,Groceries
TXN01763,CUST0202,2026-01-17,3527.97,Beauty
TXN00430,CUST0047,2026-01-17,1965.6,Clothing
TXN00957,CUST0101,2026-01-17,2508.13,Electronics
TXN00479,CUST0055,2026-01-17,831.55,Groceries
TXN01477,CUST0165,2026-01-17,5063.12,Clothing
TXN02155,CUST0251,2026-01-17,1838.82,Beauty
TXN01863,CUST0211,2026-01-17,1961.86,Electronics
TXN01011,CUST0107,2026-01-17,2081.04,Home & Living
TXN00574,CUST0063,2026-01-17,844.83,Beauty
TXN00787,CUST0085,2026-01-18,2152.98,Clothing
TXN01256,CUST0138,2026-01-18,1059.89,Groceries
TXN01621,CUST0181,2026-01-18,2462.84,Clothing
TXN00805,CUST0086,2026-01-18,843.39,Groceries
TXN01931,CUST0223,2026-01-18,7183.73,Clothing
TXN01912,CUST0218,2026-01-18,1138.45,Home & Living
TXN01333,CUST0148,2026-01-18,1981.74,Sports
TXN00944,CUST0100,2026-01-18,5399.63,Clothing
TXN01382,CUST0151,2026-01-18,509.25,Groceries
TXN01829,CUST0209,2026-01-18,7980.85,Beauty
TXN00054,CUST0007,2026-01-18,7698.8,Beauty
TXN00777,CUST0084,2026-01-18,6798.31,Electronics
TXN00928,CUST0100,2026-01-18,2853.53,Clothing
TXN01678,CUST0189,2026-01-19,2440.88,Groceries
TXN01682,CUST0189,2026-01-19,943.56,Electronics
TXN01522,CUST0170,2026-01-19,2369.79,Sports
TXN01307,CUST0145,2026-01-19,902.93,Clothing
TXN02454,CUST0286,2026-01-19,6171.64,Clothing
TXN00736,CUST0080,2026-01-19,3360.36,Clothing
TXN00360,CUST0041,2026-01-19,4177.67,Clothing
TXN01028,CUST0109,2026-01-19,1002.16,Sports
TXN01600,CUST0179,2026-01-19,961.02,Clothing
TXN02324,CUST0270,2026-01-19,2165.37,Clothing
TXN00840,CUST0091,2026-01-19,6487.03,Electronics
TXN00802,CUST0086,2026-01-19,1282.07,Clothing
TXN02019,CUST0233,2026-01-19,827.86,Groceries
TXN02345,CUST0275,2026-01-19,1032.32,Clothing
TXN00168,CUST0022,2026-01-19,3308.14,Sports
TXN01402,CUST0153,2026-01-19,7149.94,Sports
TXN01934,CUST0223,2026-01-19,5982.41,Groceries
TXN00351,CUST0039,2026-01-19,401.99,Beauty
TXN00991,CUST0104,2026-01-20,604.78,Clothing
TXN01299,CUST0144,2026-01-20,623.89,Groceries
TXN01527,CUST0171,2026-01-20,794.23,Clothing
TXN02369,CUST0280,2026-01-20,1016.6,Home & Living
TXN02298,CUST0265,2026-01-20,287.17,Beauty
TXN00002,CUST0001,2026-01-20,1145.91,Electronics
TXN00832,CUST0091,2026-01-20,3289.48,Sports
TXN01296,CUST0144,2026-01-20,670.81,Beauty
TXN00232,CUST0028,2026-01-20,2263.27,Beauty
TXN01784,CUST0205,2026-01-20,906.12,Sports
TXN01547,CUST0172,2026-01-20,7719.9,Beauty
TXN01069,CUST0112,2026-01-20,1217.24,Beauty
TXN00427,CUST0047,2026-01-20,607.72,Sports
TXN01999,CUST0231,2026-01-20,454.49,Clothing
TXN00201,CUST0025,2026-01-20,1751.78,Beauty
TXN02414,CUST0284,2026-01-20,2559.72,Home & Living
TXN00783,CUST0084,2026-01-20,2337.06,Sports
TXN00792,CUST0085,2026-01-20,1137.22,Beauty
TXN01647,CUST0184,2026-01-20,1033.33,Home & Living
TXN00362,CUST0041,2026-01-20,5809.76,Electronics
TXN02377,CUST0282,2026-01-21,1508.76,Sports
TXN01752,CUST0200,2026-01-21,295.31,Groceries
TXN01719,CUST0193,2026-01-21,553.22,Home & Living
TXN01312,CUST0146,2026-01-21,7164.01,Home & Living
TXN00133,CUST0019,2026-01-21,2337.5,Beauty
TXN00254,CUST0030,2026-01-21,2546.99,Clothing
TXN01045,CUST0110,2026-01-22,3729.51,Sports
TXN01948,CUST0223,2026-01-22,2570.56,Home & Living
TXN00231,CUST0028,2026-01-22,711.67,Clothing
TXN00540,CUST0059,2026-01-22,2425.59,Electronics
TXN01904,CUST0217,2026-01-22,1927.8,Groceries
TXN01014,CUST0107,2026-01-22,662.46,Groceries
TXN02167,CUST0252,2026-01-22,649.02,Beauty
TXN01903,CUST0217,2026-01-22,1839.94,Home & Living
TXN01301,CUST0144,2026-01-22,1375.8,Beauty
TXN01550,CUST0173,2026-01-22,1726.23,Electronics
TXN02239,CUST0260,2026-01-22,4479.17,Sports
TXN00466,CUST0052,2026-01-22,508.33,Groceries
TXN00548,CUST0060,2026-01-22,727.68,Clothing
TXN00868,CUST0095,2026-01-22,173.18,Groceries
TXN00484,CUST0056,2026-01-22,1065.61,Sports
TXN01797,CUST0206,2026-01-23,5692.09,Sports
TXN01722,CUST0194,2026-01-23,762.18,Sports
TXN01451,CUST0161,2026-01-23,2286.23,Groceries
TXN00536,CUST0059,2026-01-23,7688.65,Sports
TXN01243,CUST0136,2026-01-23,886.32,Clothing
TXN00817,CUST0090,2026-01-23,1583.52,Home & Living
TXN00659,CUST0069,2026-01-23,3593.5,Beauty
TXN01568,CUST0175,2026-01-23,435.61,Groceries
TXN01496,CUST0167,2026-01-23,1184.45,Sports
TXN01498,CUST0167,2026-01-23,2141.7,Electronics
TXN00500,CUST0057,2026-01-23,5358.53,Electronics
TXN01194,CUST0132,2026-01-24,774.72,Groceries
TXN00216,CUST0027,2026-01-24,615.69,Electronics
TXN02332,CUST0273,2026-01-24,653.13,Sports
TXN01591,CUST0178,2026-01-24,772.11,Sports
TXN00930,CUST0100,2026-01-24,7633.98,Groceries
TXN00821,CUST0090,2026-01-24,637.43,Sports
TXN00371,CUST0041,2026-01-24,2525.86,Clothing
TXN01889,CUST0216,2026-01-24,1289.89,Electronics
TXN01985,CUST0228,2026-01-24,2222.07,Beauty
TXN00970,CUST0102,2026-01-24,177.12,Sports
TXN00182,CUST0023,2026-01-24,2192.82,Clothing
TXN02322,CUST0270,2026-01-24,1744.06,Clothing
TXN02085,CUST0240,2026-01-24,1918.36,Beauty
TXN00515,CUST0058,2026-01-24,2114.79,Home & Living
TXN00757,CUST0082,2026-01-24,741.91,Clothing
TXN00184,CUST0023,2026-01-24,1203.08,Electronics
TXN01326,CUST0146,2026-01-24,7648.01,Groceries
TXN02544,CUST0294,2026-01-24,1989.21,Beauty
TXN00668,CUST0072,2026-01-25,950.76,Home & Living
TXN00344,CUST0038,2026-01-25,7400.14,Electronics
TXN02524,CUST0292,2026-01-25,3451.43,Beauty
TXN02257,CUST0261,2026-01-25,808.43,Beauty
TXN01716,CUST0192,2026-01-25,898.01,Sports
TXN02270,CUST0263,2026-01-25,5922.59,Groceries
TXN00388,CUST0042,2026-01-25,1272.92,Beauty
TXN01188,CUST0131,2026-01-25,764.58,Beauty
TXN01356,CUST0149,2026-01-25,2282.35,Groceries
TXN01200,CUST0132,2026-01-25,1965.72,Electronics
TXN00679,CUST0073,2026-01-25,2299.87,Electronics
TXN00808,CUST0088,2026-01-26,846.79,Groceries
TXN00300,CUST0033,2026-01-26,6418.41,Beauty
TXN00092,CUST0014,2026-01-26,1668.4,Sports
TXN00774,CUST0084,2026-01-26,6720.62,Clothing
TXN00590,CUST0065,2026-01-26,1151.65,Groceries
TXN01700,CUST0191,2026-01-26,3941.15,Electronics
TXN02586,CUST0298,2026-01-26,1567.18,Home & Living
TXN02367,CUST0279,2026-01-26,436.13,Groceries
TXN01099,CUST0122,2026-01-26,1008.53,Sports
TXN00762,CUST0083,2026-01-26,1400.51,Electronics
TXN01328,CUST0147,2026-01-26,1116.03,Clothing
TXN02481,CUST0289,2026-01-26,1271.63,Sports
TXN00462,CUST0051,2026-01-26,942.06,Sports
TXN00947,CUST0100,2026-01-26,2712.25,Beauty
TXN00200,CUST0025,2026-01-26,1644.86,Electronics
TXN01970,CUST0225,2026-01-26,1827.58,Electronics
TXN00982,CUST0104,2026-01-26,1148.69,Electronics
TXN00662,CUST0071,2026-01-26,701.66,Electronics
TXN00343,CUST0038,2026-01-27,6762.46,Groceries
TXN00324,CUST0037,2026-01-27,1277.12,Electronics
TXN01881,CUST0214,2026-01-27,2435.94,Home & Living
TXN02491,CUST0290,2026-01-27,711.91,Clothing
TXN00454,CUST0050,2026-01-27,856.5,Sports
TXN00582,CUST0064,2026-01-27,2468.03,Beauty
TXN01599,CUST0179,2026-01-27,382.51,Beauty
TXN00955,CUST0101,2026-01-27,6924.18,Sports
TXN01293,CUST0144,2026-01-27,1075.76,Groceries
TXN02193,CUST0255,2026-01-27,1690.09,Clothing
TXN02323,CUST0270,2026-01-27,2067.84,Home & Living
TXN02217,CUST0258,2026-01-27,893.38,Sports
TXN02280,CUST0263,2026-01-27,3423.53,Sports
TXN00865,CUST0094,2026-01-28,1571.87,Groceries
TXN00148,CUST0020,2026-01-28,573.1,Sports
TXN02306,CUST0268,2026-01-28,472.89,Groceries
TXN01355,CUST0149,2026-01-28,5815.46,Sports
TXN01357,CUST0149,2026-01-28,4570.11,Clothing
TXN01391,CUST0152,2026-01-28,1862.56,Clothing
TXN01415,CUST0155,2026-01-28,988.75,Sports
TXN00800,CUST0086,2026-01-28,1769.28,Clothing
TXN02528,CUST0292,2026-01-28,6198.28,Beauty
TXN00942,CUST0100,2026-01-28,4130.79,Clothing
TXN00791,CUST0085,2026-01-28,1247.04,Groceries
TXN01098,CUST0122,2026-01-29,488.41,Beauty
TXN00135,CUST0019,2026-01-29,1348.26,Beauty
TXN00701,CUST0077,2026-01-29,719.66,Beauty
TXN02480,CUST0289,2026-01-29,829.25,Sports
TXN01878,CUST0214,2026-01-29,1518.23,Sports
TXN00688,CUST0073,2026-01-29,3484.04,Electronics
TXN01578,CUST0176,2026-01-29,747.38,Sports
TXN00477,CUST0055,2026-01-30,635.34,Sports
TXN01222,CUST0133,2026-01-30,2467.14,Clothing
TXN02484,CUST0289,2026-01-30,1752.49,Sports
TXN01422,CUST0156,2026-01-30,1434.52,Clothing
TXN00696,CUST0074,2026-01-30,163.47,Clothing
TXN01163,CUST0129,2026-01-30,4569.1,Home & Living
TXN00569,CUST0062,2026-01-30,2333.27,Clothing
TXN01654,CUST0187,2026-01-30,407.74,Groceries
TXN00483,CUST0056,2026-01-30,932.43,Sports
TXN01234,CUST0134,2026-01-30,2027.03,Electronics
TXN02300,CUST0266,2026-01-30,353.7,Sports
TXN00197,CUST0025,2026-01-30,1544.87,Electronics
TXN02216,CUST0258,2026-01-30,410.13,Home & Living
TXN02405,CUST0284,2026-01-30,4001.07,Electronics
TXN02198,CUST0255,2026-01-30,2165.0,Sports
TXN00977,CUST0103,2026-01-30,1962.99,Clothing
TXN01419,CUST0156,2026-01-31,1085.31,Groceries
TXN01918,CUST0221,2026-01-31,269.56,Electronics
TXN01064,CUST0111,2026-01-31,2140.14,Sports
TXN00365,CUST0041,2026-01-31,7563.07,Beauty
TXN00867,CUST0095,2026-01-31,752.12,Clothing
TXN00733,CUST0080,2026-01-31,6237.16,Electronics
TXN01491,CUST0167,2026-01-31,2498.7,Sports
TXN01613,CUST0180,2026-01-31,4516.89,Beauty
TXN00592,CUST0065,2026-01-31,1586.05,Clothing
TXN02164,CUST0252,2026-01-31,1296.17,Electronics
TXN01582,CUST0176,2026-01-31,2104.55,Home & Living
TXN01237,CUST0134,2026-01-31,1562.22,Clothing
TXN00550,CUST0060,2026-01-31,762.98,Sports
TXN02249,CUST0260,2026-02-01,5227.52,Clothing
TXN01717,CUST0192,2026-02-01,694.91,Home & Living
TXN01024,CUST0109,2026-02-01,1148.66,Groceries
TXN01666,CUST0188,2026-02-01,1624.29,Beauty
TXN00563,CUST0061,2026-02-01,2140.03,Electronics
TXN02595,CUST0299,2026-02-01,423.44,Beauty
TXN00449,CUST0049,2026-02-01,1991.85,Groceries
TXN01511,CUST0169,2026-02-01,5108.09,Groceries
TXN01680,CUST0189,2026-02-01,1097.85,Sports
TXN00710,CUST0078,2026-02-01,2225.43,Sports
TXN01560,CUST0174,2026-02-01,1402.57,Groceries
TXN00020,CUST0005,2026-02-01,1757.89,Beauty
TXN01741,CUST0196,2026-02-01,1377.34,Groceries
TXN02459,CUST0287,2026-02-01,859.22,Groceries
TXN00438,CUST0048,2026-02-01,2021.98,Sports
TXN01830,CUST0209,2026-02-01,5544.9,Clothing
TXN01337,CUST0148,2026-02-01,1827.49,Electronics
TXN02344,CUST0275,2026-02-01,2428.77,Electronics
TXN00432,CUST0047,2026-02-01,1654.35,Electronics
TXN01492,CUST0167,2026-02-02,1857.77,Home & Living
TXN01092,CUST0120,2026-02-02,1462.56,Beauty
TXN02075,CUST0239,2026-02-02,280.31,Electronics
TXN01281,CUST0142,2026-02-02,2215.87,Beauty
TXN01362,CUST0149,2026-02-02,2856.89,Groceries
TXN02331,CUST0273,2026-02-02,292.12,Home & Living
TXN02154,CUST0251,2026-02-02,1156.14,Groceries
TXN00557,CUST0061,2026-02-02,1692.64,Home & Living
TXN01068,CUST0112,2026-02-02,879.87,Groceries
TXN00337,CUST0038,2026-02-02,7860.35,Groceries
TXN01750,CUST0200,2026-02-02,1192.12,Electronics
TXN01220,CUST0133,2026-02-02,5809.44,Clothing
TXN01305,CUST0145,2026-02-02,1533.26,Beauty
TXN00794,CUST0085,2026-02-03,1853.88,Electronics
TXN01504,CUST0168,2026-02-03,2092.78,Groceries
TXN02572,CUST0296,2026-02-03,503.86,Electronics
TXN00744,CUST0080,2026-02-03,2432.67,Sports
TXN00208,CUST0027,2026-02-03,967.22,Electronics
TXN00177,CUST0023,2026-02-03,665.6,Home & Living
TXN01360,CUST0149,2026-02-03,7453.19,Groceries
TXN01000,CUST0106,2026-02-03,952.16,Beauty
TXN01267,CUST0141,2026-02-03,886.64,Clothing
TXN01846,CUST0209,2026-02-03,7013.43,Groceries
TXN02196,CUST0255,2026-02-03,1399.83,Beauty
TXN00881,CUST0097,2026-02-03,625.13,Beauty
TXN00456,CUST0050,2026-02-03,1169.02,Beauty
TXN00274,CUST0031,2026-02-04,996.31,Clothing
TXN00205,CUST0026,2026-02-04,1061.04,Electronics
TXN02241,CUST0260,2026-02-04,3023.18,Electronics
TXN00215,CUST0027,2026-02-04,872.88,Clothing
TXN01971,CUST0225,2026-02-04,1184.05,Electronics
TXN02243,CUST0260,2026-02-04,3887.49,Electronics
TXN02564,CUST0295,2026-02-04,6477.53,Groceries
TXN01489,CUST0167,2026-02-04,2237.11,Groceries
TXN00988,CUST0104,2026-02-04,1114.43,Sports
TXN02467,CUST0288,2026-02-04,1598.29,Beauty
TXN01503,CUST0168,2026-02-04,568.81,Electronics
TXN01641,CUST0182,2026-02-05,4486.6,Sports
TXN02356,CUST0276,2026-02-05,1893.01,Sports
TXN01239,CUST0135,2026-02-05,491.55,Groceries
TXN00364,CUST0041,2026-02-05,4085.43,Home & Living
TXN01400,CUST0153,2026-02-05,6800.83,Electronics
TXN00132,CUST0019,2026-02-05,1952.19,Clothing
TXN01392,CUST0152,2026-02-05,1853.74,Sports
TXN02128,CUST0245,2026-02-05,3863.46,Beauty
TXN00178,CUST0023,2026-02-05,1077.39,Home & Living
TXN01911,CUST0218,2026-02-05,961.94,Home & Living
TXN02541,CUST0294,2026-02-05,2389.89,Home & Living
TXN02307,CUST0268,2026-02-05,1025.49,Sports
TXN02006,CUST0232,2026-02-05,1423.85,Beauty
TXN00164,CUST0022,2026-02-06,4616.76,Home & Living
TXN01264,CUST0139,2026-02-06,1997.93,Home & Living
TXN00530,CUST0059,2026-02-06,5496.84,Sports
TXN00560,CUST0061,2026-02-06,1504.31,Clothing
TXN01537,CUST0172,2026-02-06,6452.13,Electronics
TXN01444,CUST0161,2026-02-06,2187.46,Groceries
TXN00687,CUST0073,2026-02-06,6543.86,Beauty
TXN01535,CUST0172,2026-02-06,4031.04,Groceries
TXN01013,CUST0107,2026-02-06,1220.95,Groceries
TXN00147,CUST0020,2026-02-07,919.81,Clothing
TXN00482,CUST0056,2026-02-07,964.91,Beauty
TXN00436,CUST0048,2026-02-07,1731.97,Clothing
TXN00887,CUST0098,2026-02-07,1063.84,Groceries
TXN02303,CUST0267,2026-02-07,835.0,Beauty
TXN01638,CUST0182,2026-02-07,7704.47,Clothing
TXN00297,CUST0033,2026-02-07,3985.34,Beauty
TXN01314,CUST0146,2026-02-07,2211.29,Sports
TXN00551,CUST0060,2026-02-07,1343.66,Home & Living
TXN01652,CUST0185,2026-02-07,607.39,Sports
TXN00279,CUST0032,2026-02-07,1988.56,Beauty
TXN01969,CUST0225,2026-02-07,1851.29,Clothing
TXN00492,CUST0057,2026-02-07,7381.75,Groceries
TXN01388,CUST0152,2026-02-07,2397.04,Home & Living
TXN02276,CUST0263,2026-02-07,3128.35,Home & Living
TXN00518,CUST0058,2026-02-07,757.7,Clothing
TXN02052,CUST0238,2026-02-07,2087.09,Home & Living
TXN02605,CUST0300,2026-02-07,6323.99,Groceries
TXN00780,CUST0084,2026-02-07,4565.61,Home & Living
TXN02299,CUST0266,2026-02-07,688.78,Sports
TXN02444,CUST0286,2026-02-07,2384.51,Sports
TXN00699,CUST0075,2026-02-08,1023.8,Electronics
TXN00600,CUST0066,2026-02-08,1704.23,Home & Living
TXN00029,CUST0006,2026-02-08,666.57,Beauty
TXN00472,CUST0054,2026-02-08,819.59,Groceries
TXN01076,CUST0115,2026-02-08,226.66,Electronics
TXN02312,CUST0269,2026-02-08,1800.59,Beauty
TXN00136,CUST0019,2026-02-08,2351.14,Electronics
TXN01879,CUST0214,2026-02-08,714.83,Electronics
TXN01349,CUST0149,2026-02-08,3156.06,Sports
TXN01377,CUST0150,2026-02-08,2063.56,Home & Living
TXN00258,CUST0030,2026-02-08,3203.15,Electronics
TXN00237,CUST0029,2026-02-08,2059.69,Sports
TXN00461,CUST0051,2026-02-08,1094.3,Clothing
TXN02209,CUST0256,2026-02-08,859.32,Sports
TXN02392,CUST0283,2026-02-09,2471.98,Home & Living
TXN01988,CUST0228,2026-02-09,1653.77,Beauty
TXN02368,CUST0280,2026-02-09,504.89,Beauty
TXN01294,CUST0144,2026-02-09,1131.99,Groceries
TXN00313,CUST0034,2026-02-09,851.57,Groceries
TXN00423,CUST0047,2026-02-09,894.94,Sports
TXN01347,CUST0149,2026-02-09,6936.22,Beauty
TXN02228,CUST0259,2026-02-09,1876.06,Beauty
TXN01442,CUST0161,2026-02-09,2375.32,Electronics
TXN02096,CUST0242,2026-02-09,470.11,Groceries
TXN00169,CUST0022,2026-02-09,2793.66,Beauty
TXN02364,CUST0279,2026-02-09,378.8,Clothing
TXN00986,CUST0104,2026-02-09,1876.09,Electronics
TXN01152,CUST0128,2026-02-09,526.2,Electronics
TXN00967,CUST0101,2026-02-10,6088.12,Groceries
TXN00453,CUST0050,2026-02-10,846.96,Sports
TXN00072,CUST0011,2026-02-10,7559.53,Groceries
TXN01770,CUST0202,2026-02-10,6258.71,Home & Living
TXN02499,CUST0291,2026-02-10,2531.13,Groceries
TXN02507,CUST0291,2026-02-10,6024.22,Electronics
TXN01592,CUST0178,2026-02-10,531.7,Beauty
TXN01140,CUST0125,2026-02-10,865.5,Groceries
TXN00621,CUST0067,2026-02-10,4858.62,Electronics
TXN01276,CUST0142,2026-02-10,883.47,Clothing
TXN02539,CUST0293,2026-02-10,449.76,Beauty
TXN01447,CUST0161,2026-02-10,1675.6,Beauty
TXN01373,CUST0150,2026-02-10,615.48,Home & Living
TXN00716,CUST0078,2026-02-10,6554.41,Groceries
TXN00722,CUST0079,2026-02-10,1703.11,Home & Living
TXN00074,CUST0011,2026-02-10,5477.9,Clothing
TXN01958,CUST0224,2026-02-10,978.42,Groceries
TXN02489,CUST0290,2026-02-10,2268.0,Home & Living
TXN01027,CUST0109,2026-02-10,966.67,Beauty
TXN01015,CUST0107,2026-02-10,734.56,Groceries
TXN02055,CUST0238,2026-02-10,7352.45,Groceries
TXN00929,CUST0100,2026-02-10,4060.32,Electronics
TXN02162,CUST0252,2026-02-10,639.29,Groceries
TXN00126,CUST0018,2026-02-11,2094.59,Beauty
TXN02382,CUST0282,2026-02-11,1439.69,Groceries
TXN01172,CUST0129,2026-02-11,2880.17,Groceries
TXN00663,CUST0071,2026-02-11,327.8,Clothing
TXN02212,CUST0257,2026-02-11,807.12,Clothing
TXN01523,CUST0170,2026-02-11,1251.64,Groceries
TXN00236,CUST0029,2026-02-11,1619.69,Groceries
TXN01553,CUST0173,2026-02-11,1409.91,Sports
TXN01558,CUST0174,2026-02-11,1927.32,Groceries
TXN01661,CUST0188,2026-02-11,751.23,Groceries
TXN02013,CUST0233,2026-02-11,1608.12,Clothing
TXN00889,CUST0098,2026-02-11,1828.4,Groceries
TXN01891,CUST0216,2026-02-11,1151.56,Electronics
TXN01777,CUST0203,2026-02-11,1161.98,Groceries
TXN02094,CUST0242,2026-02-11,844.78,Groceries
TXN00933,CUST0100,2026-02-12,7428.6,Home & Living
TXN02606,CUST0300,2026-02-12,5394.51,Sports
TXN00255,CUST0030,2026-02-12,5757.32,Home & Living
TXN01533,CUST0172,2026-02-12,3687.71,Home & Living
TXN00334,CUST0038,2026-02-12,2608.52,Beauty
TXN00680,CUST0073,2026-02-12,6758.86,Clothing
TXN01352,CUST0149,2026-02-12,4740.38,Electronics
TXN00528,CUST0059,2026-02-12,3982.45,Sports
TXN01715,CUST0192,2026-02-12,319.64,Beauty
TXN01699,CUST0191,2026-02-12,2317.62,Beauty
TXN00513,CUST0058,2026-02-12,925.29,Clothing
TXN02302,CUST0267,2026-02-13,597.5,Beauty
TXN00711,CUST0078,2026-02-13,2000.07,Electronics
TXN00695,CUST0073,2026-02-13,2269.47,Beauty
TXN02419,CUST0284,2026-02-13,5329.2,Electronics
TXN00555,CUST0061,2026-02-13,1707.59,Groceries
TXN01780,CUST0203,2026-02-13,1154.01,Clothing
TXN02215,CUST0258,2026-02-13,424.42,Sports
TXN01518,CUST0169,2026-02-13,5044.34,Electronics
TXN02525,CUST0292,2026-02-13,6634.99,Beauty
TXN02434,CUST0285,2026-02-13,2414.63,Groceries
TXN01629,CUST0182,2026-02-13,3918.33,Home & Living
TXN00648,CUST0069,2026-02-13,5869.0,Beauty
TXN01297,CUST0144,2026-02-13,1467.0,Clothing
TXN00963,CUST0101,2026-02-13,2967.31,Groceries
TXN01776,CUST0203,2026-02-14,833.9,Groceries
TXN01273,CUST0142,2026-02-14,1901.73,Home & Living
TXN02343,CUST0275,2026-02-14,2287.07,Electronics
TXN01146,CUST0126,2026-02-14,1693.89,Clothing
TXN01468,CUST0164,2026-02-14,2313.97,Home & Living
TXN00567,CUST0062,2026-02-14,1845.93,Electronics
TXN00828,CUST0091,2026-02-14,3549.39,Clothing
TXN01433,CUST0159,2026-02-14,1685.39,Groceries
TXN00533,CUST0059,2026-02-14,7211.31,Groceries
TXN02259,CUST0262,2026-02-14,573.54,Sports
TXN00798,CUST0086,2026-02-14,1093.57,Sports
TXN00113,CUST0016,2026-02-14,2155.88,Beauty
TXN00213,CUST0027,2026-02-14,2482.34,Clothing
TXN02438,CUST0286,2026-02-14,6894.92,Groceries
TXN02112,CUST0245,2026-02-14,6666.08,Groceries
TXN00017,CUST0004,2026-02-15,929.18,Sports
TXN00418,CUST0045,2026-02-15,1144.43,Home & Living
TXN02127,CUST0245,2026-02-15,4851.78,Home & Living
TXN01866,CUST0211,2026-02-15,2012.47,Groceries
TXN00409,CUST0043,2026-02-15,2286.98,Electronics
TXN02163,CUST0252,2026-02-15,1984.4,Clothing
TXN01136,CUST0125,2026-02-15,1209.66,Groceries
TXN01890,CUST0216,2026-02-15,2466.04,Beauty
TXN02542,CUST0294,2026-02-15,2134.52,Beauty
TXN01316,CUST0146,2026-02-15,3629.3,Sports
TXN02348,CUST0275,2026-02-15,1789.81,Beauty
TXN01036,CUST0110,2026-02-15,2904.12,Sports
TXN02504,CUST0291,2026-02-15,7344.94,Home & Living
TXN01348,CUST0149,2026-02-15,4816.44,Beauty
TXN00066,CUST0011,2026-02-16,2804.09,Beauty
TXN02384,CUST0282,2026-02-16,2104.92,Clothing
TXN02145,CUST0248,2026-02-16,172.48,Sports
TXN00568,CUST0062,2026-02-16,2096.76,Clothing
TXN00389,CUST0042,2026-02-16,923.51,Sports
TXN00830,CUST0091,2026-02-16,3841.43,Beauty
TXN01635,CUST0182,2026-02-16,4053.12,Electronics
TXN00888,CUST0098,2026-02-16,1194.12,Groceries
TXN01528,CUST0171,2026-02-16,437.09,Home & Living
TXN00969,CUST0102,2026-02-16,554.49,Groceries
TXN02053,CUST0238,2026-02-16,3162.3,Groceries
TXN00460,CUST0051,2026-02-17,876.62,Groceries
TXN01184,CUST0130,2026-02-17,2177.71,Beauty
TXN02226,CUST0259,2026-02-17,500.82,Beauty
TXN00323,CUST0037,2026-02-17,1760.42,Groceries
TXN01873,CUST0213,2026-02-17,695.94,Electronics
TXN01813,CUST0207,2026-02-17,3004.82,Sports
TXN00886,CUST0098,2026-02-17,1419.17,Groceries
TXN00342,CUST0038,2026-02-17,2673.83,Beauty
TXN00159,CUST0022,2026-02-17,2521.55,Groceries
TXN01398,CUST0153,2026-02-17,4466.87,Groceries
TXN01512,CUST0169,2026-02-18,2873.1,Beauty
TXN01153,CUST0128,2026-02-18,392.6,Clothing
TXN00340,CUST0038,2026-02-18,7506.51,Home & Living
TXN00019,CUST0005,2026-02-18,1021.39,Home & Living
TXN00589,CUST0065,2026-02-18,2064.78,Clothing
TXN01287,CUST0143,2026-02-18,1942.26,Sports
TXN00584,CUST0064,2026-02-18,1455.76,Beauty
TXN00669,CUST0072,2026-02-18,1130.29,Clothing
TXN01383,CUST0151,2026-02-18,1053.77,Sports
TXN01703,CUST0191,2026-02-18,2035.19,Sports
TXN02407,CUST0284,2026-02-18,3713.76,Sports
TXN02482,CUST0289,2026-02-18,589.14,Electronics
TXN02320,CUST0270,2026-02-18,1879.64,Home & Living
TXN02431,CUST0285,2026-02-18,838.12,Electronics
TXN00162,CUST0022,2026-02-18,6950.64,Clothing
TXN00083,CUST0013,2026-02-18,986.82,Electronics
TXN02192,CUST0255,2026-02-18,2159.34,Home & Living
TXN02453,CUST0286,2026-02-18,3267.58,Home & Living
TXN01062,CUST0111,2026-02-18,672.06,Clothing
TXN01016,CUST0107,2026-02-18,1655.61,Beauty
TXN01404,CUST0153,2026-02-19,7957.66,Beauty
TXN00789,CUST0085,2026-02-19,1571.11,Beauty
TXN01002,CUST0106,2026-02-19,1074.65,Sports
TXN01181,CUST0130,2026-02-19,1853.29,Electronics
TXN00240,CUST0029,2026-02-19,635.67,Clothing
TXN02005,CUST0232,2026-02-19,2264.94,Clothing
TXN01232,CUST0134,2026-02-19,2407.27,Groceries
TXN00179,CUST0023,2026-02-19,1720.81,Sports
TXN00647,CUST0069,2026-02-19,2819.61,Home & Living
TXN01859,CUST0211,2026-02-19,1443.33,Home & Living
TXN00959,CUST0101,2026-02-19,6850.43,Sports
TXN01039,CUST0110,2026-02-19,3521.81,Beauty
TXN02048,CUST0238,2026-02-20,2710.77,Home & Living
TXN01679,CUST0189,2026-02-20,1348.74,Electronics
TXN00826,CUST0091,2026-02-20,2087.77,Clothing
TXN02119,CUST0245,2026-02-20,7773.8,Electronics
TXN00859,CUST0094,2026-02-20,834.71,Beauty
TXN01939,CUST0223,2026-02-20,5904.97,Clothing
TXN01464,CUST0164,2026-02-20,1310.94,Groceries
TXN00602,CUST0066,2026-02-20,1378.3,Electronics
TXN00321,CUST0037,2026-02-20,2095.63,Clothing
TXN02086,CUST0240,2026-02-20,1119.46,Groceries
TXN00465,CUST0052,2026-02-20,403.17,Sports
TXN00023,CUST0005,2026-02-20,1661.09,Sports
TXN02250,CUST0260,2026-02-21,6420.83,Beauty
TXN02440,CUST0286,2026-02-21,5072.14,Sports
TXN00476,CUST0055,2026-02-21,2461.03,Beauty
TXN01440,CUST0161,2026-02-21,1398.08,Clothing
TXN02557,CUST0295,2026-02-21,3128.25,Electronics
TXN01991,CUST0228,2026-02-21,1400.05,Electronics
TXN00855,CUST0094,2026-02-21,1766.15,Beauty
TXN01189,CUST0131,2026-02-21,943.03,Groceries
TXN02029,CUST0235,2026-02-21,2365.28,Sports
TXN00157,CUST0022,2026-02-22,5619.18,Sports
TXN01457,CUST0163,2026-02-22,575.19,Beauty
TXN02527,CUST0292,2026-02-22,4961.06,Groceries
TXN02187,CUST0254,2026-02-22,2027.22,Sports
TXN01747,CUST0198,2026-02-22,830.9,Beauty
TXN00968,CUST0102,2026-02-22,1089.19,Groceries
TXN00253,CUST0030,2026-02-22,4839.26,Home & Living
TXN00172,CUST0022,2026-02-22,5908.52,Groceries
TXN00110,CUST0016,2026-02-22,2201.45,Home & Living
TXN00411,CUST0043,2026-02-22,5051.48,Groceries
TXN00211,CUST0027,2026-02-22,678.82,Sports
TXN01250,CUST0137,2026-02-22,1663.13,Groceries
TXN00339,CUST0038,2026-02-22,3107.51,Electronics
TXN02238,CUST0260,2026-02-22,7487.51,Beauty
TXN00628,CUST0067,2026-02-22,6330.33,Electronics
TXN02354,CUST0276,2026-02-22,1787.54,Home & Living
TXN01590,CUST0178,2026-02-22,564.94,Beauty
TXN02180,CUST0254,2026-02-22,827.25,Beauty
TXN00612,CUST0067,2026-02-22,6596.7,Home & Living
TXN02200,CUST0255,2026-02-22,2461.3,Clothing
TXN00062,CUST0009,2026-02-22,325.55,Electronics
TXN01932,CUST0223,2026-02-22,2697.08,Beauty
TXN02562,CUST0295,2026-02-23,3226.9,Sports
TXN02442,CUST0286,2026-02-23,6808.5,Home & Living
TXN01622,CUST0181,2026-02-23,1776.45,Sports
TXN02204,CUST0256,2026-02-23,1895.94,Beauty
TXN02538,CUST0293,2026-02-23,839.49,Clothing
TXN00189,CUST0024,2026-02-23,870.27,Sports
TXN00105,CUST0015,2026-02-23,1077.26,Beauty
TXN00115,CUST0017,2026-02-23,1676.61,Groceries
TXN01653,CUST0186,2026-02-23,1081.26,Sports
TXN00546,CUST0060,2026-02-23,937.02,Groceries
TXN00317,CUST0036,2026-02-23,1199.36,Sports
TXN00704,CUST0078,2026-02-23,3228.08,Beauty
TXN02378,CUST0282,2026-02-23,2360.73,Clothing
TXN01779,CUST0203,2026-02-23,2316.82,Beauty
TXN01254,CUST0137,2026-02-23,2404.12,Home & Living
TXN01977,CUST0226,2026-02-23,648.35,Sports
TXN01714,CUST0192,2026-02-23,162.8,Electronics
TXN02460,CUST0287,2026-02-23,2160.5,Sports
TXN01412,CUST0154,2026-02-23,1120.47,Electronics
TXN00412,CUST0043,2026-02-23,4098.22,Clothing
TXN01921,CUST0222,2026-02-24,1866.87,Clothing
TXN00845,CUST0091,2026-02-24,6488.03,Electronics
TXN01304,CUST0145,2026-02-24,1308.48,Electronics
TXN00531,CUST0059,2026-02-24,3513.84,Beauty
TXN00252,CUST0030,2026-02-24,5910.0,Home & Living
TXN02501,CUST0291,2026-02-24,6189.29,Electronics
TXN02114,CUST0245,2026-02-24,2312.28,Home & Living
TXN02574,CUST0296,2026-02-24,2010.86,Clothing
TXN01596,CUST0178,2026-02-24,2271.12,Sports
TXN00093,CUST0014,2026-02-24,1673.07,Home & Living
TXN00318,CUST0036,2026-02-24,547.6,Beauty
TXN02185,CUST0254,2026-02-24,1555.61,Electronics
TXN02526,CUST0292,2026-02-24,5922.19,Beauty
TXN00015,CUST0004,2026-02-25,2141.28,Home & Living
TXN02026,CUST0234,2026-02-25,1749.4,Sports
TXN01317,CUST0146,2026-02-25,4857.93,Home & Living
TXN00080,CUST0011,2026-02-25,4764.67,Groceries
TXN01235,CUST0134,2026-02-25,1263.23,Sports
TXN00873,CUST0096,2026-02-25,1170.56,Beauty
TXN00225,CUST0028,2026-02-25,1866.52,Beauty
TXN01957,CUST0224,2026-02-25,545.14,Groceries
TXN01990,CUST0228,2026-02-25,1153.24,Beauty
TXN02496,CUST0290,2026-02-25,1667.78,Sports
TXN02498,CUST0291,2026-02-25,7574.13,Beauty
TXN00890,CUST0098,2026-02-26,1625.11,Electronics
TXN02570,CUST0296,2026-02-26,2470.54,Clothing
TXN02314,CUST0269,2026-02-26,1523.07,Beauty
TXN02548,CUST0294,2026-02-26,1452.98,Beauty
TXN02057,CUST0238,2026-02-26,2324.29,Clothing
TXN00235,CUST0029,2026-02-26,512.77,Beauty
TXN00987,CUST0104,2026-02-26,862.37,Clothing
TXN01557,CUST0174,2026-02-26,1893.51,Electronics
TXN02619,CUST0300,2026-02-26,5473.62,Groceries
TXN02546,CUST0294,2026-02-26,1896.15,Beauty
TXN02142,CUST0247,2026-02-26,2372.25,Groceries
TXN00737,CUST0080,2026-02-26,5750.18,Groceries
TXN01965,CUST0225,2026-02-26,1681.83,Groceries
TXN00803,CUST0086,2026-02-26,2472.49,Electronics
TXN01929,CUST0223,2026-02-26,2537.12,Home & Living
TXN01597,CUST0178,2026-02-27,1643.36,Groceries
TXN00077,CUST0011,2026-02-27,5091.42,Groceries
TXN01044,CUST0110,2026-02-27,3909.57,Clothing
TXN01414,CUST0155,2026-02-27,279.91,Clothing
TXN01088,CUST0119,2026-02-27,970.55,Home & Living
TXN01956,CUST0224,2026-02-27,2360.9,Home & Living
TXN00764,CUST0083,2026-02-27,2454.01,Electronics
TXN01816,CUST0207,2026-02-27,2944.23,Beauty
TXN00675,CUST0073,2026-02-27,3451.36,Beauty
TXN01183,CUST0130,2026-02-27,2086.13,Clothing
TXN00094,CUST0014,2026-02-27,1174.89,Home & Living
TXN02165,CUST0252,2026-02-27,550.28,Clothing
TXN01001,CUST0106,2026-02-27,886.5,Sports
TXN02191,CUST0255,2026-02-27,1529.86,Beauty
TXN01231,CUST0134,2026-02-27,1327.03,Groceries
TXN02206,CUST0256,2026-02-27,1032.49,Home & Living
TXN02025,CUST0234,2026-02-27,675.44,Clothing
TXN02492,CUST0290,2026-02-28,515.57,Clothing
TXN02603,CUST0300,2026-02-28,3716.36,Groceries
TXN00570,CUST0062,2026-02-28,1285.95,Groceries
TXN00620,CUST0067,2026-02-28,6820.9,Sports
TXN00280,CUST0032,2026-02-28,823.35,Sports
TXN00283,CUST0032,2026-02-28,1015.37,Home & Living
TXN00188,CUST0024,2026-02-28,773.64,Groceries
TXN01765,CUST0202,2026-02-28,4191.37,Beauty
TXN02399,CUST0283,2026-02-28,562.72,Beauty
TXN01119,CUST0124,2026-02-28,5299.19,Sports
TXN02014,CUST0233,2026-02-28,2306.1,Sports
TXN00731,CUST0080,2026-02-28,6693.03,Clothing
TXN00667,CUST0072,2026-02-28,1789.18,Home & Living
TXN02237,CUST0260,2026-02-28,4241.9,Home & Living
TXN00573,CUST0063,2026-03-01,178.88,Sports
TXN00298,CUST0033,2026-03-01,4585.33,Home & Living
TXN02457,CUST0287,2026-03-01,1313.25,Clothing
TXN00170,CUST0022,2026-03-01,2110.34,Groceries
TXN00566,CUST0062,2026-03-01,2191.21,Sports
TXN02547,CUST0294,2026-03-01,1659.94,Home & Living
TXN00591,CUST0065,2026-03-01,1290.28,Home & Living
TXN02156,CUST0251,2026-03-01,2326.41,Home & Living
TXN01736,CUST0196,2026-03-01,2106.42,Groceries
TXN01056,CUST0110,2026-03-01,5999.7,Home & Living
TXN01502,CUST0168,2026-03-01,755.62,Sports
TXN00717,CUST0078,2026-03-01,6275.73,Clothing
TXN01230,CUST0134,2026-03-01,1594.09,Sports
TXN01755,CUST0201,2026-03-01,355.52,Groceries
TXN01443,CUST0161,2026-03-01,703.76,Clothing
TXN00961,CUST0101,2026-03-01,6075.19,Groceries
TXN01552,CUST0173,2026-03-01,1006.4,Sports
TXN01497,CUST0167,2026-03-02,1332.32,Beauty
TXN00396,CUST0043,2026-03-02,2802.82,Beauty
TXN01025,CUST0109,2026-03-02,2031.66,Groceries
TXN00464,CUST0052,2026-03-02,149.05,Sports
TXN01718,CUST0193,2026-03-02,862.17,Groceries
TXN01987,CUST0228,2026-03-02,791.14,Groceries
TXN00799,CUST0086,2026-03-02,1328.4,Groceries
TXN02439,CUST0286,2026-03-02,5655.82,Groceries
TXN01501,CUST0168,2026-03-02,1221.61,Groceries
TXN02425,CUST0285,2026-03-02,611.35,Clothing
TXN01664,CUST0188,2026-03-02,2395.13,Electronics
TXN01420,CUST0156,2026-03-02,2498.1,Electronics
TXN01609,CUST0180,2026-03-03,2634.83,Sports
TXN01233,CUST0134,2026-03-03,858.19,Clothing
TXN00191,CUST0024,2026-03-03,1884.55,Sports
TXN01093,CUST0120,2026-03-03,2465.04,Beauty
TXN00713,CUST0078,2026-03-03,3825.19,Beauty
TXN01632,CUST0182,2026-03-03,4294.18,Sports
TXN02079,CUST0240,2026-03-03,800.62,Groceries
TXN01749,CUST0200,2026-03-03,1194.02,Beauty
TXN02532,CUST0292,2026-03-03,5375.85,Clothing
TXN01277,CUST0142,2026-03-03,668.53,Clothing
TXN01303,CUST0145,2026-03-03,1164.85,Beauty
TXN00031,CUST0006,2026-03-03,2448.5,Sports
TXN02305,CUST0268,2026-03-03,273.61,Beauty
TXN01075,CUST0115,2026-03-03,216.97,Sports
TXN00664,CUST0071,2026-03-04,881.15,Beauty
TXN00081,CUST0012,2026-03-04,453.74,Groceries
TXN01674,CUST0189,2026-03-04,2032.7,Groceries
TXN02268,CUST0263,2026-03-04,4910.79,Clothing
TXN02494,CUST0290,2026-03-04,1775.33,Home & Living
TXN02522,CUST0292,2026-03-04,3347.96,Groceries
TXN00397,CUST0043,2026-03-04,5492.89,Groceries
TXN00547,CUST0060,2026-03-04,1294.03,Beauty
TXN00624,CUST0067,2026-03-04,5748.7,Home & Living
TXN01526,CUST0171,2026-03-04,192.63,Clothing
TXN00723,CUST0079,2026-03-04,705.03,Electronics
TXN02287,CUST0264,2026-03-04,1307.62,Home & Living
TXN01386,CUST0152,2026-03-04,1972.95,Sports
TXN01168,CUST0129,2026-03-04,5849.41,Sports
TXN00234,CUST0029,2026-03-05,2135.93,Sports
TXN00985,CUST0104,2026-03-05,551.54,Home & Living
TXN02558,CUST0295,2026-03-05,2880.81,Groceries
TXN01760,CUST0202,2026-03-05,7647.29,Sports
TXN00752,CUST0080,2026-03-05,3724.77,Groceries
TXN01659,CUST0188,2026-03-05,1129.18,Beauty
TXN00760,CUST0083,2026-03-05,1902.28,Electronics
TXN01735,CUST0196,2026-03-05,2080.26,Sports
TXN00022,CUST0005,2026-03-05,2481.01,Home & Living
TXN00857,CUST0094,2026-03-05,1686.32,Clothing
TXN02051,CUST0238,2026-03-05,5968.69,Clothing
TXN02426,CUST0285,2026-03-05,1177.29,Clothing
TXN01138,CUST0125,2026-03-05,1720.22,Beauty
TXN01490,CUST0167,2026-03-05,1659.19,Groceries
TXN00426,CUST0047,2026-03-05,1996.38,Sports
TXN00860,CUST0094,2026-03-05,639.6,Sports
TXN01720,CUST0194,2026-03-05,803.31,Electronics
TXN00660,CUST0070,2026-03-05,482.91,Sports
TXN00745,CUST0080,2026-03-05,7892.3,Home & Living
TXN00613,CUST0067,2026-03-05,4394.6,Groceries
TXN01833,CUST0209,2026-03-06,6976.57,Electronics
TXN00459,CUST0050,2026-03-06,2183.87,Beauty
TXN01279,CUST0142,2026-03-06,738.21,Clothing
TXN01338,CUST0148,2026-03-06,1654.43,Sports
TXN00064,CUST0010,2026-03-06,124.4,Groceries
TXN02103,CUST0244,2026-03-06,777.31,Electronics
TXN00927,CUST0100,2026-03-06,6237.48,Home & Living
TXN02604,CUST0300,2026-03-06,3259.19,Groceries
TXN00069,CUST0011,2026-03-06,4624.85,Groceries
TXN01113,CUST0124,2026-03-06,6083.35,Home & Living
TXN01102,CUST0123,2026-03-06,1066.73,Clothing
TXN02479,CUST0289,2026-03-06,1026.14,Sports
TXN00097,CUST0014,2026-03-06,1230.71,Home & Living
TXN00884,CUST0097,2026-03-06,1456.99,Groceries
TXN00037,CUST0007,2026-03-07,7683.49,Electronics
TXN00893,CUST0098,2026-03-07,2099.44,Home & Living
TXN01151,CUST0128,2026-03-07,411.61,Home & Living
TXN00773,CUST0084,2026-03-07,7309.79,Clothing
TXN00950,CUST0101,2026-03-07,5407.85,Beauty
TXN00316,CUST0036,2026-03-07,816.36,Groceries
TXN00640,CUST0069,2026-03-07,5806.04,Beauty
TXN00603,CUST0066,2026-03-07,624.92,Sports
TXN00109,CUST0016,2026-03-07,1446.33,Sports
TXN01300,CUST0144,2026-03-07,1304.61,Sports
TXN00026,CUST0006,2026-03-07,2291.05,Electronics
TXN01686,CUST0190,2026-03-07,681.75,Beauty
TXN00336,CUST0038,2026-03-07,2537.76,Sports
TXN02093,CUST0242,2026-03-07,592.99,Beauty
TXN00039,CUST0007,2026-03-07,4545.33,Groceries
TXN02031,CUST0235,2026-03-07,2348.44,Beauty
TXN00041,CUST0007,2026-03-07,2705.16,Electronics
TXN02104,CUST0244,2026-03-07,1804.97,Home & Living
TXN01792,CUST0206,2026-03-08,4530.65,Beauty
TXN00119,CUST0017,2026-03-08,958.05,Clothing
TXN02503,CUST0291,2026-03-08,4943.88,Clothing
TXN02144,CUST0248,2026-03-08,485.81,Beauty
TXN00305,CUST0033,2026-03-08,2619.85,Clothing
TXN00003,CUST0001,2026-03-08,1377.94,Groceries
TXN00103,CUST0015,2026-03-08,874.09,Sports
TXN00434,CUST0048,2026-03-08,1055.8,Clothing
TXN01746,CUST0198,2026-03-08,112.11,Groceries
TXN01976,CUST0226,2026-03-08,1334.9,Groceries
TXN01204,CUST0133,2026-03-08,3395.82,Groceries
TXN01202,CUST0132,2026-03-08,984.35,Clothing
TXN01922,CUST0222,2026-03-08,2055.89,Beauty
TXN01012,CUST0107,2026-03-08,711.18,Beauty
TXN00209,CUST0027,2026-03-08,590.2,Electronics
TXN02106,CUST0244,2026-03-09,1763.55,Home & Living
TXN00599,CUST0066,2026-03-09,2231.15,Sports
TXN00333,CUST0038,2026-03-09,7562.21,Home & Living
TXN01930,CUST0223,2026-03-09,5096.81,Clothing
TXN00883,CUST0097,2026-03-09,2158.63,Clothing
TXN00861,CUST0094,2026-03-09,1698.6,Home & Living
TXN00435,CUST0048,2026-03-09,1815.12,Electronics
TXN01274,CUST0142,2026-03-09,1183.28,Beauty
TXN01822,CUST0207,2026-03-09,3502.9,Groceries
TXN00939,CUST0100,2026-03-09,4052.65,Electronics
TXN00735,CUST0080,2026-03-09,2710.95,Sports
TXN00099,CUST0014,2026-03-09,2464.76,Sports
TXN02116,CUST0245,2026-03-09,3921.12,Clothing
TXN01631,CUST0182,2026-03-09,2106.28,Clothing
TXN01207,CUST0133,2026-03-09,6639.1,Sports
TXN02016,CUST0233,2026-03-09,859.29,Clothing
TXN01884,CUST0215,2026-03-09,865.47,Sports
TXN01275,CUST0142,2026-03-09,2294.79,Sports
TXN02074,CUST0239,2026-03-09,622.89,Groceries
TXN02042,CUST0237,2026-03-10,2388.19,Beauty
TXN00615,CUST0067,2026-03-10,2665.99,Home & Living
TXN01972,CUST0225,2026-03-10,1234.34,Home & Living
TXN02170,CUST0252,2026-03-10,915.54,Beauty
TXN00880,CUST0097,2026-03-10,1012.93,Electronics
TXN01937,CUST0223,2026-03-10,4704.24,Groceries
TXN00952,CUST0101,2026-03-10,2865.86,Home & Living
TXN00577,CUST0064,2026-03-10,1268.41,Clothing
TXN01954,CUST0224,2026-03-10,1052.48,Sports
TXN00652,CUST0069,2026-03-10,7466.41,Groceries
TXN01488,CUST0167,2026-03-10,2146.01,Clothing
TXN01244,CUST0136,2026-03-10,1256.45,Groceries
TXN01179,CUST0130,2026-03-10,837.72,Clothing
TXN01026,CUST0109,2026-03-10,786.79,Beauty
TXN01178,CUST0130,2026-03-10,1855.45,Home & Living
TXN01677,CUST0189,2026-03-11,1684.99,Groceries
TXN00341,CUST0038,2026-03-11,6894.49,Home & Living
TXN01514,CUST0169,2026-03-11,3420.32,Home & Living
TXN01778,CUST0203,2026-03-11,643.47,Groceries
TXN02355,CUST0276,2026-03-11,1797.39,Groceries
TXN00872,CUST0096,2026-03-11,1745.26,Electronics
TXN01381,CUST0151,2026-03-11,1059.77,Groceries
TXN02290,CUST0264,2026-03-11,679.65,Beauty
TXN01021,CUST0109,2026-03-11,1804.19,Beauty
TXN00116,CUST0017,2026-03-11,1927.56,Clothing
TXN02220,CUST0259,2026-03-11,773.47,Beauty
TXN01625,CUST0181,2026-03-11,2187.36,Home & Living
TXN00572,CUST0063,2026-03-11,810.4,Home & Living
TXN01474,CUST0165,2026-03-11,4124.39,Electronics
TXN00670,CUST0072,2026-03-11,1771.91,Home & Living
TXN01636,CUST0182,2026-03-11,2175.8,Clothing
TXN00312,CUST0034,2026-03-11,1159.68,Groceries
TXN00028,CUST0006,2026-03-11,1853.54,Home & Living
TXN01086,CUST0118,2026-03-12,1616.7,Clothing
TXN01992,CUST0228,2026-03-12,829.44,Electronics
TXN00314,CUST0035,2026-03-12,945.37,Clothing
TXN00543,CUST0059,2026-03-12,3176.59,Clothing
TXN02319,CUST0270,2026-03-12,2340.23,Sports
TXN00222,CUST0028,2026-03-12,1158.1,Electronics
TXN01067,CUST0112,2026-03-12,1229.64,Clothing
TXN01993,CUST0228,2026-03-12,1467.04,Home & Living
TXN01110,CUST0124,2026-03-12,5873.43,Electronics
TXN00609,CUST0067,2026-03-12,2538.87,Sports
TXN01888,CUST0216,2026-03-12,2166.42,Sports
TXN01107,CUST0123,2026-03-12,514.67,Clothing
TXN00452,CUST0050,2026-03-12,1696.45,Clothing
TXN02321,CUST0270,2026-03-12,928.54,Clothing
TXN01114,CUST0124,2026-03-12,6144.36,Beauty
TXN00801,CUST0086,2026-03-12,923.79,Clothing
TXN02153,CUST0251,2026-03-13,703.51,Sports
TXN02429,CUST0285,2026-03-13,898.76,Electronics
TXN01399,CUST0153,2026-03-13,4200.07,Sports
TXN00693,CUST0073,2026-03-13,7367.86,Beauty
TXN00243,CUST0029,2026-03-13,1688.79,Home & Living
TXN01059,CUST0111,2026-03-13,1734.21,Sports
TXN01096,CUST0121,2026-03-13,521.54,Beauty
TXN01060,CUST0111,2026-03-13,751.1,Groceries
TXN01487,CUST0167,2026-03-13,1250.64,Groceries
TXN02556,CUST0295,2026-03-13,7649.81,Sports
TXN01546,CUST0172,2026-03-13,2297.08,Beauty
TXN02477,CUST0289,2026-03-13,1364.79,Groceries
TXN01120,CUST0124,2026-03-13,2581.79,Sports
TXN01141,CUST0125,2026-03-13,2316.03,Beauty
TXN00238,CUST0029,2026-03-14,1582.53,Groceries
TXN00044,CUST0007,2026-03-14,6812.66,Beauty
TXN01330,CUST0148,2026-03-14,906.98,Sports
TXN02537,CUST0293,2026-03-14,453.83,Home & Living
TXN00186,CUST0023,2026-03-14,655.53,Home & Living
TXN01010,CUST0107,2026-03-14,959.99,Clothing
TXN00368,CUST0041,2026-03-14,3542.28,Electronics
TXN02182,CUST0254,2026-03-14,696.12,Beauty
TXN02516,CUST0292,2026-03-14,4937.53,Groceries
TXN01198,CUST0132,2026-03-14,2224.15,Groceries
TXN00008,CUST0001,2026-03-14,995.46,Clothing
TXN02310,CUST0269,2026-03-15,1214.48,Clothing
TXN00601,CUST0066,2026-03-15,900.95,Electronics
TXN00073,CUST0011,2026-03-15,7880.2,Beauty
TXN01692,CUST0190,2026-03-15,518.2,Electronics
TXN01258,CUST0139,2026-03-15,1203.3,Groceries
TXN02568,CUST0296,2026-03-15,2362.04,Home & Living
TXN00061,CUST0009,2026-03-15,932.79,Clothing
TXN01182,CUST0130,2026-03-15,1655.66,Clothing
TXN01139,CUST0125,2026-03-15,2323.92,Home & Living
TXN00989,CUST0104,2026-03-15,841.87,Electronics
TXN01650,CUST0185,2026-03-15,1176.74,Sports
TXN00815,CUST0090,2026-03-15,1275.65,Groceries
TXN01783,CUST0204,2026-03-15,437.04,Electronics
TXN00102,CUST0015,2026-03-15,1643.23,Clothing
TXN00751,CUST0080,2026-03-15,3232.0,Electronics
TXN00131,CUST0019,2026-03-15,778.23,Groceries
TXN00509,CUST0058,2026-03-16,562.23,Beauty
TXN01875,CUST0214,2026-03-16,725.22,Electronics
TXN01872,CUST0213,2026-03-16,655.43,Beauty
TXN01201,CUST0132,2026-03-16,963.68,Electronics
TXN00446,CUST0049,2026-03-16,1659.97,Home & Living
TXN00176,CUST0023,2026-03-16,593.93,Home & Living
TXN00708,CUST0078,2026-03-16,6161.71,Groceries
TXN00703,CUST0078,2026-03-16,6682.19,Groceries
TXN00257,CUST0030,2026-03-16,2751.11,Home & Living
TXN00006,CUST0001,2026-03-16,2369.23,Electronics
TXN02015,CUST0233,2026-03-16,1915.07,Clothing
TXN01559,CUST0174,2026-03-16,1335.77,Beauty
TXN01728,CUST0195,2026-03-16,1164.0,Sports
TXN00578,CUST0064,2026-03-16,1275.97,Groceries
TXN01236,CUST0134,2026-03-16,1755.34,Beauty
TXN01696,CUST0191,2026-03-17,3444.09,Groceries
TXN01887,CUST0216,2026-03-17,825.81,Home & Living
TXN02109,CUST0244,2026-03-17,759.8,Electronics
TXN00419,CUST0045,2026-03-17,727.91,Beauty
TXN00183,CUST0023,2026-03-17,1746.67,Groceries
TXN00976,CUST0103,2026-03-17,1562.59,Beauty
TXN01387,CUST0152,2026-03-17,1272.58,Electronics
TXN00090,CUST0014,2026-03-17,966.43,Beauty
TXN01004,CUST0106,2026-03-17,1468.78,Sports
TXN02621,CUST0300,2026-03-17,7889.47,Groceries
TXN01738,CUST0196,2026-03-17,1109.05,Home & Living
TXN00032,CUST0006,2026-03-17,1974.07,Beauty
TXN00871,CUST0096,2026-03-17,2494.48,Home & Living
TXN00076,CUST0011,2026-03-18,3091.28,Electronics
TXN02363,CUST0278,2026-03-18,737.49,Sports
TXN01577,CUST0176,2026-03-18,1035.05,Sports
TXN00489,CUST0057,2026-03-18,2560.45,Beauty
TXN01259,CUST0139,2026-03-18,2024.35,Electronics
TXN01853,CUST0210,2026-03-18,744.96,Home & Living
TXN02176,CUST0254,2026-03-18,1845.04,Home & Living
TXN00287,CUST0032,2026-03-18,1343.44,Groceries
TXN01620,CUST0181,2026-03-18,2449.52,Clothing
TXN01894,CUST0216,2026-03-18,746.57,Groceries
TXN01458,CUST0163,2026-03-18,283.15,Sports
TXN01469,CUST0164,2026-03-18,880.46,Beauty
TXN00579,CUST0064,2026-03-18,2012.43,Beauty
TXN01835,CUST0209,2026-03-18,3481.79,Electronics
TXN00597,CUST0066,2026-03-18,1071.57,Electronics
TXN00181,CUST0023,2026-03-18,1039.82,Home & Living
TXN01380,CUST0150,2026-03-18,1522.19,Groceries
TXN01066,CUST0112,2026-03-18,2454.06,Clothing
TXN01242,CUST0136,2026-03-18,1552.17,Sports
TXN01799,CUST0206,2026-03-19,5296.57,Beauty
TXN01476,CUST0165,2026-03-19,2616.61,Groceries
TXN01691,CUST0190,2026-03-19,1609.24,Sports
TXN02468,CUST0288,2026-03-19,516.22,Clothing
TXN02391,CUST0283,2026-03-19,977.81,Electronics
TXN02421,CUST0284,2026-03-19,7464.77,Sports
TXN01103,CUST0123,2026-03-19,1247.62,Beauty
TXN00055,CUST0007,2026-03-19,2496.49,Sports
TXN00345,CUST0038,2026-03-19,3812.36,Clothing
TXN00125,CUST0018,2026-03-19,721.26,Home & Living
TXN02265,CUST0263,2026-03-19,5907.06,Home & Living
TXN00511,CUST0058,2026-03-19,2211.47,Home & Living
TXN02585,CUST0298,2026-03-19,1109.63,Groceries
TXN02044,CUST0237,2026-03-20,571.53,Beauty
TXN02122,CUST0245,2026-03-20,3682.78,Electronics
TXN00517,CUST0058,2026-03-20,1394.11,Sports
TXN02390,CUST0283,2026-03-20,1031.22,Groceries
TXN00282,CUST0032,2026-03-20,1306.52,Beauty
TXN01206,CUST0133,2026-03-20,4665.1,Beauty
TXN00904,CUST0099,2026-03-20,6755.57,Home & Living
TXN01389,CUST0152,2026-03-20,2027.71,Groceries
TXN00195,CUST0025,2026-03-20,2348.79,Groceries
TXN01248,CUST0137,2026-03-20,963.2,Electronics
TXN00588,CUST0065,2026-03-20,801.04,Groceries
TXN00763,CUST0083,2026-03-20,2179.6,Groceries
TXN01411,CUST0154,2026-03-20,1389.26,Clothing
TXN02101,CUST0244,2026-03-20,2275.72,Clothing
TXN01883,CUST0215,2026-03-20,586.63,Home & Living
TXN01611,CUST0180,2026-03-20,4959.68,Beauty
TXN01145,CUST0126,2026-03-21,1489.04,Sports
TXN02080,CUST0240,2026-03-21,1129.87,Home & Living
TXN02424,CUST0285,2026-03-21,740.68,Clothing
TXN00580,CUST0064,2026-03-21,2170.96,Beauty
TXN00598,CUST0066,2026-03-21,1711.51,Electronics
TXN01105,CUST0123,2026-03-21,602.3,Sports
TXN00788,CUST0085,2026-03-21,515.93,Home & Living
TXN00926,CUST0100,2026-03-21,3689.7,Groceries
TXN02340,CUST0275,2026-03-21,828.37,Sports
TXN01926,CUST0223,2026-03-21,6137.83,Electronics
TXN02304,CUST0268,2026-03-21,125.46,Home & Living
TXN01421,CUST0156,2026-03-21,791.03,Home & Living
TXN02389,CUST0283,2026-03-21,2099.36,Sports
TXN00338,CUST0038,2026-03-21,2739.34,Home & Living
TXN00545,CUST0060,2026-03-22,2187.85,Electronics
TXN01966,CUST0225,2026-03-22,1417.94,Electronics
TXN01575,CUST0176,2026-03-22,2205.09,Sports
TXN00653,CUST0069,2026-03-22,7693.08,Clothing
TXN00196,CUST0025,2026-03-22,1990.13,Home & Living
TXN02553,CUST0295,2026-03-22,6461.02,Clothing
TXN01673,CUST0189,2026-03-22,1473.5,Groceries
TXN01724,CUST0195,2026-03-22,896.01,Groceries
TXN00322,CUST0037,2026-03-22,740.42,Sports
TXN00661,CUST0071,2026-03-22,703.22,Home & Living
TXN00642,CUST0069,2026-03-22,4746.2,Groceries
TXN00973,CUST0103,2026-03-22,1962.97,Electronics
TXN01775,CUST0203,2026-03-22,818.79,Home & Living
TXN01660,CUST0188,2026-03-23,595.56,Home & Living
TXN00983,CUST0104,2026-03-23,2214.38,Sports
TXN00992,CUST0104,2026-03-23,653.61,Clothing
TXN02161,CUST0252,2026-03-23,1892.06,Sports
TXN00725,CUST0079,2026-03-23,1894.42,Clothing
TXN01213,CUST0133,2026-03-23,4023.98,Clothing
TXN00940,CUST0100,2026-03-23,2701.54,Beauty
TXN01129,CUST0124,2026-03-23,4757.87,Sports
TXN02043,CUST0237,2026-03-23,690.11,Home & Living
TXN01754,CUST0201,2026-03-23,972.12,Beauty
TXN01038,CUST0110,2026-03-23,7025.19,Home & Living
TXN01410,CUST0154,2026-03-23,848.31,Groceries
TXN02602,CUST0300,2026-03-23,4566.94,Beauty
TXN00480,CUST0055,2026-03-23,695.13,Clothing
TXN02139,CUST0247,2026-03-23,972.02,Clothing
TXN01810,CUST0207,2026-03-23,7416.98,Beauty
TXN00290,CUST0033,2026-03-23,3425.26,Sports
TXN00071,CUST0011,2026-03-23,7174.18,Beauty
TXN00175,CUST0023,2026-03-23,1646.59,Electronics
TXN02313,CUST0269,2026-03-23,1666.84,Clothing
TXN00811,CUST0090,2026-03-23,1571.31,Electronics
TXN01199,CUST0132,2026-03-23,1525.96,Sports
TXN01160,CUST0129,2026-03-23,7859.37,Beauty
TXN02311,CUST0269,2026-03-23,754.36,Sports
TXN01306,CUST0145,2026-03-24,2196.36,Groceries
TXN01187,CUST0131,2026-03-24,1890.37,Sports
TXN00330,CUST0037,2026-03-24,1715.81,Sports
TXN00721,CUST0079,2026-03-24,1037.69,Groceries
TXN00604,CUST0066,2026-03-24,1520.86,Sports
TXN00335,CUST0038,2026-03-24,3843.74,Home & Living
TXN00373,CUST0041,2026-03-24,7240.02,Sports
TXN00130,CUST0019,2026-03-24,1075.86,Clothing
TXN02115,CUST0245,2026-03-24,4659.92,Sports
TXN00712,CUST0078,2026-03-24,2327.81,Groceries
TXN02470,CUST0288,2026-03-25,1619.79,Electronics
TXN00013,CUST0004,2026-03-25,825.87,Groceries
TXN02023,CUST0234,2026-03-25,1996.75,Sports
TXN00088,CUST0014,2026-03-25,709.74,Beauty
TXN02146,CUST0248,2026-03-25,1130.64,Beauty
TXN00836,CUST0091,2026-03-25,7634.41,Sports
TXN00431,CUST0047,2026-03-25,1516.72,Sports
TXN00042,CUST0007,2026-03-25,5500.21,Sports
TXN00145,CUST0020,2026-03-25,856.07,Home & Living
TXN00379,CUST0041,2026-03-25,4076.6,Home & Living
TXN00565,CUST0062,2026-03-25,932.1,Electronics
TXN02266,CUST0263,2026-03-25,4997.29,Groceries
TXN01462,CUST0164,2026-03-25,813.52,Electronics
TXN02203,CUST0256,2026-03-25,1338.18,Groceries
TXN02594,CUST0299,2026-03-25,902.67,Clothing
TXN01288,CUST0143,2026-03-25,1474.42,Electronics
TXN01165,CUST0129,2026-03-25,3393.35,Clothing
TXN00146,CUST0020,2026-03-25,1504.39,Electronics
TXN01155,CUST0129,2026-03-26,2113.67,Beauty
TXN00245,CUST0029,2026-03-26,1047.25,Beauty
TXN00842,CUST0091,2026-03-26,6945.96,Home & Living
TXN01576,CUST0176,2026-03-26,1205.06,Groceries
TXN02555,CUST0295,2026-03-26,7469.71,Sports
TXN01507,CUST0169,2026-03-26,4071.59,Beauty
TXN02177,CUST0254,2026-03-26,1429.17,Sports
TXN00778,CUST0084,2026-03-26,7372.08,Electronics
TXN00720,CUST0079,2026-03-26,1918.64,Clothing
TXN00158,CUST0022,2026-03-26,7666.46,Sports
TXN02149,CUST0250,2026-03-26,857.51,Home & Living
TXN00021,CUST0005,2026-03-26,854.88,Electronics
TXN01633,CUST0182,2026-03-26,4177.19,Home & Living
TXN00729,CUST0080,2026-03-26,4611.95,Electronics
TXN00915,CUST0099,2026-03-27,6776.04,Clothing
TXN01022,CUST0109,2026-03-27,1704.94,Home & Living
TXN01466,CUST0164,2026-03-27,1004.65,Clothing
TXN02105,CUST0244,2026-03-27,866.4,Beauty
TXN00124,CUST0018,2026-03-27,2253.53,Electronics
TXN00786,CUST0085,2026-03-27,2385.06,Groceries
TXN01216,CUST0133,2026-03-27,4179.64,Beauty
TXN02423,CUST0285,2026-03-27,1305.22,Sports
TXN02495,CUST0290,2026-03-27,838.66,Home & Living
TXN01811,CUST0207,2026-03-27,2674.32,Groceries
TXN00416,CUST0045,2026-03-27,742.77,Sports
TXN00087,CUST0014,2026-03-27,2234.43,Sports
TXN01118,CUST0124,2026-03-28,3062.49,Groceries
TXN01580,CUST0176,2026-03-28,2478.25,Home & Living
TXN00879,CUST0097,2026-03-28,914.55,Beauty
TXN01289,CUST0143,2026-03-28,1315.78,Groceries
TXN00491,CUST0057,2026-03-28,3658.65,Electronics
TXN02099,CUST0244,2026-03-28,2054.41,Sports
TXN00962,CUST0101,2026-03-28,2195.95,Beauty
TXN01164,CUST0129,2026-03-28,4201.77,Clothing
TXN02143,CUST0248,2026-03-28,534.49,Beauty
TXN02190,CUST0255,2026-03-28,1054.69,Clothing
TXN02569,CUST0296,2026-03-28,1183.01,Groceries
TXN01734,CUST0196,2026-03-28,1094.79,Beauty
TXN00739,CUST0080,2026-03-28,7104.08,Clothing
TXN01687,CUST0190,2026-03-28,1994.47,Electronics
TXN00709,CUST0078,2026-03-28,7255.3,Beauty
TXN00534,CUST0059,2026-03-29,2150.85,Home & Living
TXN02189,CUST0255,2026-03-29,1576.27,Groceries
TXN00122,CUST0018,2026-03-29,2004.81,Beauty
TXN02599,CUST0300,2026-03-29,5363.24,Beauty
TXN02487,CUST0290,2026-03-29,2409.28,Clothing
TXN01753,CUST0201,2026-03-29,758.01,Home & Living
TXN01334,CUST0148,2026-03-29,2012.38,Home & Living
TXN00593,CUST0065,2026-03-29,1944.29,Beauty
TXN00674,CUST0073,2026-03-29,2267.38,Electronics
TXN00311,CUST0034,2026-03-30,903.91,Beauty
TXN01353,CUST0149,2026-03-30,4701.42,Groceries
TXN00646,CUST0069,2026-03-30,6777.44,Beauty
TXN01104,CUST0123,2026-03-30,868.92,Home & Living
TXN00281,CUST0032,2026-03-30,2492.67,Electronics
TXN01007,CUST0107,2026-03-30,842.59,Sports
TXN02554,CUST0295,2026-03-30,6684.4,Beauty
TXN01634,CUST0182,2026-03-30,5145.53,Home & Living
TXN00705,CUST0078,2026-03-30,3989.39,Sports
TXN02221,CUST0259,2026-03-30,672.85,Beauty
TXN00877,CUST0097,2026-03-30,794.55,Clothing
TXN00553,CUST0061,2026-03-30,2408.07,Beauty
TXN01950,CUST0223,2026-03-30,6878.9,Clothing
TXN01864,CUST0211,2026-03-30,640.2,Groceries
TXN02584,CUST0298,2026-03-30,1432.79,Electronics
TXN02087,CUST0240,2026-03-30,1095.35,Beauty
TXN02179,CUST0254,2026-03-30,2381.93,Clothing
TXN00974,CUST0103,2026-03-30,2272.36,Home & Living
TXN00269,CUST0030,2026-03-30,7864.8,Groceries
TXN01441,CUST0161,2026-03-30,1502.08,Sports
TXN00210,CUST0027,2026-03-30,936.51,Groceries
TXN02502,CUST0291,2026-03-30,5853.85,Groceries
TXN02420,CUST0284,2026-03-30,5788.26,Clothing
TXN02152,CUST0251,2026-03-31,509.01,Beauty
TXN02472,CUST0288,2026-03-31,897.66,Sports
TXN01111,CUST0124,2026-03-31,7052.99,Electronics
TXN01733,CUST0196,2026-03-31,1118.74,Beauty
TXN02222,CUST0259,2026-03-31,2382.27,Sports
TXN02543,CUST0294,2026-03-31,1025.1,Electronics
TXN01549,CUST0173,2026-03-31,1796.51,Clothing
TXN01309,CUST0146,2026-03-31,2987.6,Sports
TXN01589,CUST0178,2026-03-31,1580.43,Beauty
TXN01358,CUST0149,2026-03-31,2671.61,Electronics
TXN01032,CUST0110,2026-03-31,5288.87,Sports
TXN02512,CUST0291,2026-03-31,3490.81,Electronics
TXN00571,CUST0063,2026-03-31,480.47,Home & Living
TXN00004,CUST0001,2026-03-31,1877.0,Electronics
TXN00095,CUST0014,2026-03-31,988.71,Clothing
TXN02041,CUST0237,2026-03-31,1930.53,Sports
TXN01403,CUST0153,2026-03-31,6123.41,Electronics
TXN00827,CUST0091,2026-03-31,5974.9,Home & Living
TXN02466,CUST0288,2026-03-31,2253.2,Clothing
TXN02464,CUST0288,2026-03-31,613.44,Electronics
TXN01812,CUST0207,2026-03-31,5855.77,Electronics
TXN00576,CUST0064,2026-04-01,1471.18,Clothing
TXN02256,CUST0260,2026-04-01,2636.55,Sports
TXN02007,CUST0232,2026-04-01,1029.3,Beauty
TXN00202,CUST0025,2026-04-01,548.8,Groceries
TXN00417,CUST0045,2026-04-01,1787.81,Groceries
TXN01023,CUST0109,2026-04-01,2458.3,Clothing
TXN02353,CUST0276,2026-04-01,1608.65,Home & Living
TXN02469,CUST0288,2026-04-01,1476.67,Clothing
TXN01191,CUST0132,2026-04-01,2465.48,Sports
TXN01037,CUST0110,2026-04-01,6361.03,Beauty
TXN00999,CUST0106,2026-04-01,1320.99,Clothing
TXN01439,CUST0161,2026-04-01,1695.36,Home & Living
TXN00091,CUST0014,2026-04-01,1210.21,Electronics
TXN02518,CUST0292,2026-04-01,6307.62,Electronics
TXN01627,CUST0181,2026-04-01,1388.88,Beauty
TXN02488,CUST0290,2026-04-01,1524.34,Sports
TXN00014,CUST0004,2026-04-02,1276.34,Home & Living
TXN02050,CUST0238,2026-04-02,2811.45,Groceries
TXN02151,CUST0251,2026-04-02,1663.3,Clothing
TXN00292,CUST0033,2026-04-02,5557.51,Electronics
TXN00104,CUST0015,2026-04-02,1972.49,Home & Living
TXN01008,CUST0107,2026-04-02,1175.06,Groceries
TXN02418,CUST0284,2026-04-02,6121.71,Clothing
TXN02034,CUST0235,2026-04-02,2211.65,Electronics
TXN00198,CUST0025,2026-04-02,1621.35,Beauty
TXN00611,CUST0067,2026-04-02,2033.99,Beauty
TXN01229,CUST0134,2026-04-02,1809.45,Electronics
TXN01955,CUST0224,2026-04-02,1330.0,Sports
TXN01192,CUST0132,2026-04-02,1826.29,Sports
TXN02567,CUST0296,2026-04-02,1198.32,Sports
TXN01928,CUST0223,2026-04-02,3300.89,Home & Living
TXN00127,CUST0018,2026-04-02,1944.51,Groceries
TXN00638,CUST0069,2026-04-02,3096.84,Home & Living
TXN01989,CUST0228,2026-04-02,2272.74,Beauty
TXN01325,CUST0146,2026-04-02,2802.17,Sports
TXN00510,CUST0058,2026-04-02,1129.84,Home & Living
TXN01500,CUST0168,2026-04-02,1391.77,Home & Living
TXN02347,CUST0275,2026-04-02,1629.64,Beauty
TXN01368,CUST0149,2026-04-03,7625.84,Sports
TXN01376,CUST0150,2026-04-03,840.93,Electronics
TXN00730,CUST0080,2026-04-03,5040.04,Home & Living
TXN02517,CUST0292,2026-04-03,3238.67,Home & Living
TXN01851,CUST0210,2026-04-03,2316.17,Home & Living
TXN01858,CUST0211,2026-04-03,1972.51,Groceries
TXN00386,CUST0042,2026-04-03,2252.21,Beauty
TXN01688,CUST0190,2026-04-04,1754.63,Beauty
TXN00401,CUST0043,2026-04-04,7187.96,Home & Living
TXN00402,CUST0043,2026-04-04,4255.33,Home & Living
TXN01040,CUST0110,2026-04-04,5971.01,Clothing
TXN00820,CUST0090,2026-04-04,940.22,Sports
TXN01249,CUST0137,2026-04-04,1185.68,Electronics
TXN02601,CUST0300,2026-04-04,6836.1,Sports
TXN02309,CUST0269,2026-04-04,1809.24,Home & Living
TXN00562,CUST0061,2026-04-04,1559.98,Clothing
TXN00478,CUST0055,2026-04-04,663.45,Sports
TXN01261,CUST0139,2026-04-04,2381.98,Sports
TXN00295,CUST0033,2026-04-04,5592.28,Home & Living
TXN01322,CUST0146,2026-04-04,7031.65,Beauty
TXN00120,CUST0017,2026-04-04,1755.42,Groceries
TXN01761,CUST0202,2026-04-04,4461.76,Groceries
TXN01973,CUST0225,2026-04-04,1992.63,Sports
TXN01808,CUST0207,2026-04-04,5053.65,Sports
TXN00320,CUST0037,2026-04-04,1835.19,Sports
TXN01456,CUST0163,2026-04-05,646.95,Home & Living
TXN01809,CUST0207,2026-04-05,5852.66,Home & Living
TXN00876,CUST0097,2026-04-05,1037.12,Groceries
TXN00522,CUST0059,2026-04-05,7776.86,Electronics
TXN00227,CUST0028,2026-04-05,1195.62,Groceries
TXN01432,CUST0159,2026-04-05,925.33,Groceries
TXN01137,CUST0125,2026-04-05,1161.12,Beauty
TXN00444,CUST0049,2026-04-05,862.64,Beauty
TXN00526,CUST0059,2026-04-05,3358.11,Sports
TXN01871,CUST0213,2026-04-05,380.24,Clothing
TXN01095,CUST0121,2026-04-05,160.02,Clothing
TXN02207,CUST0256,2026-04-05,1167.63,Clothing
TXN01920,CUST0222,2026-04-05,827.22,Sports
TXN02563,CUST0295,2026-04-05,2830.27,Clothing
TXN02289,CUST0264,2026-04-05,1063.36,Sports
TXN02588,CUST0298,2026-04-05,1893.59,Home & Living
TXN01900,CUST0217,2026-04-05,821.43,Groceries
TXN00361,CUST0041,2026-04-05,5482.85,Groceries
TXN01050,CUST0110,2026-04-06,5642.81,Home & Living
TXN01159,CUST0129,2026-04-06,6560.03,Groceries
TXN01193,CUST0132,2026-04-06,2290.11,Groceries
TXN00451,CUST0050,2026-04-06,1368.04,Groceries
TXN01473,CUST0165,2026-04-06,2585.66,Home & Living
TXN00767,CUST0084,2026-04-06,5536.72,Electronics
TXN01413,CUST0154,2026-04-06,1016.22,Electronics
TXN00267,CUST0030,2026-04-06,5205.45,Electronics
TXN02545,CUST0294,2026-04-06,1912.46,Beauty
TXN01510,CUST0169,2026-04-06,6138.75,Clothing
TXN02446,CUST0286,2026-04-06,3589.2,Sports
TXN02342,CUST0275,2026-04-06,1718.89,Sports
TXN00527,CUST0059,2026-04-06,2386.95,Home & Living
TXN00825,CUST0091,2026-04-06,5126.44,Sports
TXN00293,CUST0033,2026-04-06,2981.14,Clothing
TXN01827,CUST0209,2026-04-06,6000.25,Groceries
TXN00475,CUST0055,2026-04-07,677.68,Sports
TXN00363,CUST0041,2026-04-07,2580.06,Electronics
TXN01793,CUST0206,2026-04-07,5860.22,Clothing
TXN01292,CUST0144,2026-04-07,1194.0,Home & Living
TXN01195,CUST0132,2026-04-07,1525.75,Groceries
TXN02160,CUST0252,2026-04-07,1814.24,Home & Living
TXN01731,CUST0196,2026-04-07,1006.4,Groceries
TXN01726,CUST0195,2026-04-07,1141.14,Groceries
TXN00447,CUST0049,2026-04-07,1698.74,Clothing
TXN00785,CUST0085,2026-04-07,818.98,Beauty
TXN00018,CUST0005,2026-04-07,1811.45,Beauty
TXN00812,CUST0090,2026-04-07,906.87,Home & Living
TXN01144,CUST0126,2026-04-08,1007.23,Electronics
TXN01101,CUST0123,2026-04-08,2139.22,Beauty
TXN01112,CUST0124,2026-04-08,7904.19,Home & Living
TXN00544,CUST0060,2026-04-08,2208.27,Electronics
TXN02030,CUST0235,2026-04-08,526.02,Sports
TXN01658,CUST0188,2026-04-08,2246.72,Electronics
TXN01551,CUST0173,2026-04-08,1536.73,Beauty
TXN01968,CUST0225,2026-04-08,2211.18,Electronics
TXN01525,CUST0170,2026-04-08,2206.26,Groceries
TXN01899,CUST0217,2026-04-08,1182.04,Sports
TXN01521,CUST0170,2026-04-08,2163.45,Sports
TXN02288,CUST0264,2026-04-08,852.18,Groceries
TXN02571,CUST0296,2026-04-08,639.78,Electronics
TXN01877,CUST0214,2026-04-09,1412.63,Electronics
TXN01886,CUST0216,2026-04-09,594.12,Clothing
TXN01177,CUST0130,2026-04-09,763.37,Electronics
TXN01610,CUST0180,2026-04-09,7915.61,Groceries
TXN00882,CUST0097,2026-04-09,793.84,Sports
TXN00422,CUST0047,2026-04-09,2386.15,Sports
TXN01374,CUST0150,2026-04-09,1043.33,Sports
TXN01574,CUST0176,2026-04-09,909.96,Groceries
TXN02078,CUST0240,2026-04-09,2287.55,Groceries
TXN01945,CUST0223,2026-04-09,3748.49,Beauty
TXN01975,CUST0226,2026-04-09,1851.98,Clothing
TXN01556,CUST0174,2026-04-09,703.78,Groceries
TXN00117,CUST0017,2026-04-09,1995.22,Electronics
TXN01186,CUST0131,2026-04-09,2422.83,Groceries
TXN01085,CUST0118,2026-04-09,796.72,Home & Living
TXN01319,CUST0146,2026-04-10,3354.74,Groceries
TXN02219,CUST0259,2026-04-10,1339.03,Home & Living
TXN00493,CUST0057,2026-04-10,6759.57,Clothing
TXN01619,CUST0181,2026-04-10,740.96,Sports
TXN01706,CUST0191,2026-04-10,6437.38,Home & Living
TXN01418,CUST0156,2026-04-10,1777.93,Beauty
TXN02511,CUST0291,2026-04-10,4027.67,Groceries
TXN01727,CUST0195,2026-04-10,1644.57,Electronics
TXN00410,CUST0043,2026-04-10,2432.51,Clothing
TXN02004,CUST0232,2026-04-10,2175.68,Groceries
TXN02514,CUST0292,2026-04-10,5493.08,Home & Living
TXN00016,CUST0004,2026-04-10,1802.97,Clothing
TXN01221,CUST0133,2026-04-10,7456.58,Beauty
TXN00433,CUST0048,2026-04-10,2123.5,Home & Living
TXN00048,CUST0007,2026-04-11,5765.35,Sports
TXN01532,CUST0172,2026-04-11,6108.35,Sports
TXN01651,CUST0185,2026-04-11,1936.2,Beauty
TXN00144,CUST0020,2026-04-11,1764.53,Home & Living
TXN01009,CUST0107,2026-04-11,2272.17,Home & Living
TXN02293,CUST0264,2026-04-11,1461.45,Electronics
TXN02089,CUST0240,2026-04-11,1754.79,Clothing
TXN02011,CUST0233,2026-04-11,1394.55,Beauty
TXN01701,CUST0191,2026-04-11,3139.6,Sports
TXN00284,CUST0032,2026-04-11,1191.87,Home & Living
TXN01241,CUST0136,2026-04-11,1628.79,Home & Living
TXN01091,CUST0120,2026-04-11,1532.57,Sports
TXN00885,CUST0098,2026-04-11,1047.28,Sports
TXN02047,CUST0238,2026-04-11,5687.25,Clothing
TXN01516,CUST0169,2026-04-12,5247.43,Electronics
TXN00972,CUST0103,2026-04-12,1920.23,Clothing
TXN01852,CUST0210,2026-04-12,1885.15,Home & Living
TXN01676,CUST0189,2026-04-12,1534.26,Sports
TXN01084,CUST0118,2026-04-12,1090.94,Home & Living
TXN00370,CUST0041,2026-04-12,3818.77,Groceries
TXN02033,CUST0235,2026-04-12,2367.9,Electronics
TXN01057,CUST0111,2026-04-12,2245.72,Sports
TXN02318,CUST0270,2026-04-12,1814.4,Electronics
TXN01406,CUST0153,2026-04-12,3763.5,Groceries
TXN01375,CUST0150,2026-04-12,2480.57,Home & Living
TXN01534,CUST0172,2026-04-13,2117.91,Groceries
TXN01861,CUST0211,2026-04-13,1112.39,Clothing
TXN01156,CUST0129,2026-04-13,7278.51,Sports
TXN00030,CUST0006,2026-04-13,2392.39,Electronics
TXN00038,CUST0007,2026-04-13,4257.56,Clothing
TXN02291,CUST0264,2026-04-13,1337.52,Sports
TXN00199,CUST0025,2026-04-13,1560.53,Groceries
TXN00643,CUST0069,2026-04-13,4218.88,Home & Living
TXN01803,CUST0206,2026-04-13,4987.69,Sports
TXN01034,CUST0110,2026-04-13,5001.67,Groceries
TXN01774,CUST0203,2026-04-13,1226.65,Clothing
TXN02476,CUST0289,2026-04-13,2468.39,Electronics
TXN00587,CUST0065,2026-04-13,1194.55,Home & Living
TXN01260,CUST0139,2026-04-13,1367.39,Groceries
TXN00108,CUST0016,2026-04-14,777.65,Electronics
TXN00564,CUST0062,2026-04-14,1298.74,Beauty
TXN00900,CUST0099,2026-04-14,4227.02,Sports
TXN01329,CUST0148,2026-04-14,1120.61,Beauty
TXN00899,CUST0099,2026-04-14,3714.25,Beauty
TXN00129,CUST0019,2026-04-14,2418.15,Sports
TXN01065,CUST0112,2026-04-14,1004.62,Sports
TXN00445,CUST0049,2026-04-14,1461.95,Sports
TXN00829,CUST0091,2026-04-14,7115.51,Beauty
TXN02352,CUST0276,2026-04-14,1692.95,Electronics
TXN00666,CUST0072,2026-04-14,2385.45,Beauty
TXN00796,CUST0086,2026-04-14,1269.61,Beauty
TXN01472,CUST0165,2026-04-14,2781.92,Clothing
TXN02404,CUST0284,2026-04-14,5341.55,Sports
TXN02113,CUST0245,2026-04-14,4687.66,Clothing
TXN00474,CUST0055,2026-04-14,544.07,Beauty
TXN02486,CUST0290,2026-04-15,1971.29,Home & Living
TXN01919,CUST0222,2026-04-15,1345.08,Beauty
TXN00286,CUST0032,2026-04-15,1473.34,Groceries
TXN02178,CUST0254,2026-04-15,2106.15,Beauty
TXN01083,CUST0118,2026-04-15,2243.83,Clothing
TXN02150,CUST0251,2026-04-15,695.24,Clothing
TXN01345,CUST0149,2026-04-15,4883.36,Electronics
TXN02236,CUST0260,2026-04-15,5569.0,Home & Living
TXN02003,CUST0232,2026-04-15,1994.45,Electronics
TXN00107,CUST0016,2026-04-15,2479.92,Beauty
TXN02458,CUST0287,2026-04-15,1091.2,Beauty
TXN01434,CUST0159,2026-04-15,1427.24,Sports
TXN02100,CUST0244,2026-04-16,605.51,Electronics
TXN02589,CUST0298,2026-04-16,1049.37,Beauty
TXN02447,CUST0286,2026-04-16,4207.08,Home & Living
TXN00443,CUST0049,2026-04-16,856.75,Groceries
TXN00924,CUST0100,2026-04-16,5920.3,Sports
TXN02308,CUST0269,2026-04-16,906.14,Clothing
TXN01607,CUST0180,2026-04-16,4199.31,Groceries
TXN02102,CUST0244,2026-04-16,1915.05,Clothing
TXN01499,CUST0168,2026-04-16,2073.01,Groceries
TXN01205,CUST0133,2026-04-16,4350.87,Groceries
TXN02374,CUST0282,2026-04-16,581.57,Sports
TXN00523,CUST0059,2026-04-16,7236.52,Sports
TXN02583,CUST0298,2026-04-17,2360.7,Sports
TXN01409,CUST0154,2026-04-17,504.15,Beauty
TXN00027,CUST0006,2026-04-17,2194.29,Electronics
TXN01035,CUST0110,2026-04-17,5605.47,Sports
TXN00813,CUST0090,2026-04-17,1563.15,Beauty
TXN01630,CUST0182,2026-04-17,4101.12,Sports
TXN02205,CUST0256,2026-04-17,560.76,Sports
TXN00089,CUST0014,2026-04-17,1144.16,Sports
TXN00903,CUST0099,2026-04-17,5533.6,Home & Living
TXN02456,CUST0287,2026-04-17,2259.7,Electronics
TXN01351,CUST0149,2026-04-17,4255.11,Groceries
TXN01807,CUST0207,2026-04-18,5847.59,Clothing
TXN00742,CUST0080,2026-04-18,4583.24,Home & Living
TXN00207,CUST0027,2026-04-18,1434.62,Sports
TXN02294,CUST0264,2026-04-18,1995.85,Sports
TXN01385,CUST0152,2026-04-18,821.27,Sports
TXN01135,CUST0125,2026-04-18,949.2,Clothing
TXN00998,CUST0106,2026-04-18,1042.98,Sports
TXN01588,CUST0178,2026-04-18,1750.18,Clothing
TXN00649,CUST0069,2026-04-18,7341.29,Home & Living
TXN02040,CUST0237,2026-04-18,1762.07,Groceries
TXN02083,CUST0240,2026-04-18,2311.7,Clothing
TXN00719,CUST0079,2026-04-18,1822.03,Clothing
TXN00949,CUST0101,2026-04-19,5193.75,Home & Living
TXN00854,CUST0094,2026-04-19,1693.7,Clothing
TXN00005,CUST0001,2026-04-19,1384.7,Sports
TXN00616,CUST0067,2026-04-19,2036.53,Clothing
TXN01509,CUST0169,2026-04-19,7182.74,Beauty
TXN00951,CUST0101,2026-04-19,2190.67,Groceries
TXN02566,CUST0296,2026-04-19,1535.36,Beauty
TXN02515,CUST0292,2026-04-19,2064.15,Groceries
TXN00637,CUST0069,2026-04-19,2834.7,Beauty
TXN02022,CUST0234,2026-04-19,2130.71,Home & Living
TXN00804,CUST0086,2026-04-19,1581.81,Groceries
TXN00395,CUST0043,2026-04-19,6401.69,Sports
TXN00870,CUST0096,2026-04-19,2452.37,Clothing
TXN01520,CUST0170,2026-04-19,1672.47,Home & Living
TXN01438,CUST0161,2026-04-19,1186.1,Clothing
TXN01548,CUST0173,2026-04-19,2031.09,Groceries
TXN01739,CUST0196,2026-04-19,2202.52,Electronics
TXN01896,CUST0216,2026-04-19,2485.2,Electronics
TXN01087,CUST0118,2026-04-19,1728.8,Sports
TXN01828,CUST0209,2026-04-20,4725.29,Clothing
TXN00768,CUST0084,2026-04-20,3452.13,Home & Living
TXN00678,CUST0073,2026-04-20,2994.5,Beauty
TXN02223,CUST0259,2026-04-20,2488.58,Beauty
TXN00673,CUST0073,2026-04-20,7583.64,Home & Living
TXN00841,CUST0091,2026-04-20,4783.94,Sports
TXN00539,CUST0059,2026-04-20,4837.38,Electronics
TXN00070,CUST0011,2026-04-20,4705.46,Home & Living
TXN01247,CUST0137,2026-04-20,661.16,Sports
TXN01033,CUST0110,2026-04-20,4387.31,Home & Living
TXN02140,CUST0247,2026-04-20,513.58,Electronics
TXN02379,CUST0282,2026-04-21,1032.47,Beauty
TXN01396,CUST0153,2026-04-21,4901.3,Electronics
TXN00554,CUST0061,2026-04-21,602.27,Beauty
TXN00984,CUST0104,2026-04-21,1300.42,Clothing
TXN01967,CUST0225,2026-04-21,710.53,Groceries
TXN00356,CUST0040,2026-04-21,1209.99,Home & Living
TXN00797,CUST0086,2026-04-21,2225.94,Beauty
TXN02202,CUST0256,2026-04-21,1446.35,Home & Living
TXN00224,CUST0028,2026-04-21,597.57,Groceries
TXN01862,CUST0211,2026-04-22,1040.7,Sports
TXN02508,CUST0291,2026-04-22,2415.38,Home & Living
TXN01675,CUST0189,2026-04-22,2437.89,Sports
TXN02465,CUST0288,2026-04-22,1656.15,Electronics
TXN01431,CUST0159,2026-04-22,2035.75,Clothing
TXN00381,CUST0041,2026-04-22,7536.54,Sports
TXN00223,CUST0028,2026-04-22,1316.91,Sports
TXN00251,CUST0030,2026-04-22,3379.73,Beauty
TXN00707,CUST0078,2026-04-22,2570.32,Clothing
TXN02422,CUST0285,2026-04-22,1032.76,Sports
TXN01649,CUST0185,2026-04-22,1507.44,Home & Living
TXN02049,CUST0238,2026-04-22,6187.94,Home & Living
TXN00326,CUST0037,2026-04-22,836.89,Sports
TXN02111,CUST0245,2026-04-22,4218.43,Beauty
TXN00875,CUST0097,2026-04-23,642.07,Home & Living
TXN00665,CUST0072,2026-04-23,619.43,Home & Living
TXN01508,CUST0169,2026-04-23,7291.85,Electronics
TXN01772,CUST0202,2026-04-23,2359.55,Groceries
TXN02478,CUST0289,2026-04-23,1208.49,Electronics
TXN00398,CUST0043,2026-04-23,3291.21,Beauty
TXN02388,CUST0283,2026-04-23,1932.33,Sports
TXN00607,CUST0067,2026-04-23,6826.62,Clothing
TXN02141,CUST0247,2026-04-23,1077.62,Electronics
TXN00575,CUST0064,2026-04-23,1619.38,Home & Living
TXN01838,CUST0209,2026-04-23,2929.06,Clothing
TXN02401,CUST0284,2026-04-24,3112.12,Groceries
TXN00040,CUST0007,2026-04-24,3522.09,Groceries
TXN00101,CUST0015,2026-04-24,1837.29,Electronics
TXN02582,CUST0298,2026-04-24,2237.9,Home & Living
TXN01461,CUST0164,2026-04-24,793.23,Electronics
TXN00268,CUST0030,2026-04-24,6947.08,Groceries
TXN01850,CUST0210,2026-04-24,2336.57,Groceries
TXN00954,CUST0101,2026-04-24,2827.31,Groceries
TXN01860,CUST0211,2026-04-24,1752.2,Sports
TXN02506,CUST0291,2026-04-24,3354.17,Electronics
TXN01876,CUST0214,2026-04-24,1005.53,Clothing
TXN02028,CUST0235,2026-04-24,1182.1,Sports
TXN02267,CUST0263,2026-04-24,5223.02,Groceries
TXN00902,CUST0099,2026-04-24,3050.74,Electronics
TXN02540,CUST0294,2026-04-24,1457.17,Beauty
TXN02067,CUST0238,2026-04-24,6078.35,Electronics
TXN01953,CUST0224,2026-04-24,1309.72,Home & Living
TXN02058,CUST0238,2026-04-24,2627.96,Sports
TXN00775,CUST0084,2026-04-25,3520.14,Clothing
TXN01228,CUST0134,2026-04-25,888.55,Electronics
TXN00672,CUST0073,2026-04-25,2363.77,Sports
TXN01519,CUST0169,2026-04-25,7500.54,Sports
TXN01394,CUST0153,2026-04-25,7062.88,Groceries
TXN00034,CUST0007,2026-04-25,2504.64,Beauty
TXN00608,CUST0067,2026-04-25,7943.28,Groceries
TXN01541,CUST0172,2026-04-25,6953.21,Home & Living
TXN01109,CUST0124,2026-04-25,2681.24,Sports
TXN01291,CUST0143,2026-04-25,669.93,Home & Living
TXN00249,CUST0030,2026-04-25,4518.36,Clothing
TXN01789,CUST0206,2026-04-25,4897.13,Clothing
TXN01758,CUST0202,2026-04-25,4130.09,Beauty
TXN00914,CUST0099,2026-04-25,7117.89,Electronics
TXN01841,CUST0209,2026-04-25,5340.26,Electronics
TXN01125,CUST0124,2026-04-25,4458.04,Sports
TXN02159,CUST0252,2026-04-26,543.97,Home & Living
TXN00174,CUST0023,2026-04-26,1001.46,Beauty
TXN00450,CUST0050,2026-04-26,1380.4,Home & Living
TXN00400,CUST0043,2026-04-26,4228.45,Electronics
TXN02224,CUST0259,2026-04-26,1132.21,Home & Living
TXN02108,CUST0244,2026-04-26,1462.25,Electronics
TXN00415,CUST0045,2026-04-26,1749.33,Groceries
TXN01290,CUST0143,2026-04-26,895.11,Home & Living
TXN00012,CUST0004,2026-04-26,1506.27,Electronics
TXN00025,CUST0006,2026-04-26,1568.65,Home & Living
TXN00155,CUST0022,2026-04-26,2624.65,Beauty
TXN01127,CUST0124,2026-04-26,6995.67,Clothing
TXN00501,CUST0057,2026-04-26,3258.52,Sports
TXN00118,CUST0017,2026-04-26,1282.96,Groceries
TXN00614,CUST0067,2026-04-26,4442.64,Sports
TXN00248,CUST0030,2026-04-26,7705.18,Home & Living
TXN01698,CUST0191,2026-04-26,6566.04,Sports
TXN02339,CUST0275,2026-04-26,1504.55,Clothing
TXN02521,CUST0292,2026-04-26,4133.73,Beauty
TXN00233,CUST0029,2026-04-26,2139.89,Beauty
TXN00556,CUST0061,2026-04-26,1267.68,Home & Living
TXN01637,CUST0182,2026-04-26,2460.34,Sports
TXN01845,CUST0209,2026-04-26,2762.62,Home & Living
TXN02235,CUST0260,2026-04-26,5515.11,Beauty
TXN02403,CUST0284,2026-04-27,3262.77,Electronics
TXN00001,CUST0001,2026-04-27,1952.18,Beauty
TXN01614,CUST0180,2026-04-27,5264.76,Groceries
TXN01531,CUST0172,2026-04-27,4441.39,Clothing
TXN01311,CUST0146,2026-04-27,7437.4,Home & Living
TXN01927,CUST0223,2026-04-27,5434.45,Sports
TXN01094,CUST0120,2026-04-27,1633.79,Beauty
TXN02317,CUST0270,2026-04-27,538.09,Groceries
TXN00187,CUST0024,2026-04-27,1221.95,Home & Living
TXN02120,CUST0245,2026-04-27,5759.95,Groceries
TXN01986,CUST0228,2026-04-27,1881.25,Electronics
TXN00221,CUST0028,2026-04-27,588.75,Groceries
TXN01240,CUST0136,2026-04-27,1352.0,Clothing
TXN00259,CUST0030,2026-04-27,6785.35,Clothing
TXN00206,CUST0027,2026-04-27,1545.04,Electronics
TXN02181,CUST0254,2026-04-28,2005.97,Sports
TXN02175,CUST0254,2026-04-28,869.3,Electronics
TXN02443,CUST0286,2026-04-28,6747.18,Beauty
TXN01397,CUST0153,2026-04-28,2753.86,Electronics
TXN00304,CUST0033,2026-04-28,2732.66,Sports
TXN00385,CUST0042,2026-04-28,2431.64,Home & Living
TXN01486,CUST0167,2026-04-28,1199.05,Sports
TXN00645,CUST0069,2026-04-28,3271.96,Electronics
TXN01587,CUST0178,2026-04-28,836.24,Groceries
TXN00256,CUST0030,2026-04-28,3112.75,Electronics
TXN02010,CUST0233,2026-04-28,566.85,Sports
TXN00761,CUST0083,2026-04-28,530.79,Home & Living
TXN02264,CUST0263,2026-04-28,7563.24,Electronics
TXN00387,CUST0042,2026-04-28,500.67,Clothing
TXN01006,CUST0107,2026-04-28,1193.12,Groceries
TXN01157,CUST0129,2026-04-28,3323.91,Beauty
TXN02455,CUST0287,2026-04-28,2023.49,Groceries
TXN01190,CUST0132,2026-04-28,2259.83,Beauty
TXN01729,CUST0195,2026-04-28,760.64,Electronics
TXN02188,CUST0255,2026-04-29,726.2,Electronics
TXN01685,CUST0190,2026-04-29,1866.35,Electronics
TXN00743,CUST0080,2026-04-29,3714.55,Electronics
TXN00506,CUST0057,2026-04-29,3439.24,Home & Living
TXN02520,CUST0292,2026-04-29,2867.09,Beauty
TXN00068,CUST0011,2026-04-30,4103.53,Groceries
TXN00357,CUST0040,2026-04-30,1839.21,Home & Living
TXN01604,CUST0180,2026-04-30,3893.32,Home & Living
TXN02035,CUST0235,2026-04-30,575.64,Beauty
TXN00424,CUST0047,2026-04-30,1842.91,Sports
TXN00354,CUST0040,2026-04-30,2045.25,Home & Living
TXN01732,CUST0196,2026-04-30,1810.87,Electronics
TXN00532,CUST0059,2026-04-30,6425.39,Electronics
TXN02201,CUST0256,2026-04-30,1641.37,Electronics
TXN02234,CUST0260,2026-04-30,7325.38,Home & Living
TXN00981,CUST0104,2026-04-30,2156.98,Clothing
TXN02600,CUST0300,2026-04-30,7094.21,Electronics
TXN02252,CUST0260,2026-05-01,5932.3,Groceries
TXN01769,CUST0202,2026-05-01,3413.4,Sports
TXN01257,CUST0139,2026-05-01,2423.1,Groceries
TXN00769,CUST0084,2026-05-01,3195.62,Home & Living
TXN00759,CUST0083,2026-05-01,926.17,Clothing
TXN01246,CUST0137,2026-05-01,1950.57,Clothing
TXN00779,CUST0084,2026-05-01,5781.48,Clothing
TXN00035,CUST0007,2026-05-01,6931.16,Groceries
TXN01090,CUST0120,2026-05-01,1288.27,Home & Living
TXN02046,CUST0238,2026-05-01,2403.44,Groceries
TXN01606,CUST0180,2026-05-01,6637.04,Electronics
TXN01460,CUST0164,2026-05-01,2017.95,Home & Living
TXN01790,CUST0206,2026-05-01,4862.29,Home & Living
TXN02012,CUST0233,2026-05-02,2344.62,Beauty
TXN02021,CUST0234,2026-05-02,2342.84,Home & Living
TXN01885,CUST0216,2026-05-02,2311.16,Home & Living
TXN00067,CUST0011,2026-05-02,6830.27,Sports
TXN01759,CUST0202,2026-05-02,3646.47,Home & Living
TXN01463,CUST0164,2026-05-02,2009.65,Clothing
TXN00473,CUST0055,2026-05-03,2444.01,Home & Living
TXN01185,CUST0131,2026-05-03,1315.56,Sports
TXN00641,CUST0069,2026-05-03,4991.42,Home & Living
TXN01725,CUST0195,2026-05-03,978.74,Groceries
TXN00143,CUST0020,2026-05-03,567.76,Electronics
TXN01694,CUST0191,2026-05-03,6829.8,Beauty
TXN02552,CUST0295,2026-05-03,4561.43,Clothing
TXN00706,CUST0078,2026-05-03,3771.45,Clothing
TXN00619,CUST0067,2026-05-03,6260.66,Home & Living
TXN01475,CUST0165,2026-05-03,6062.75,Home & Living
TXN00123,CUST0018,2026-05-03,567.06,Sports
TXN01791,CUST0206,2026-05-04,4900.41,Groceries
TXN01465,CUST0164,2026-05-04,1089.63,Groceries
TXN01605,CUST0180,2026-05-04,7332.51,Beauty
TXN00918,CUST0099,2026-05-04,5664.62,Groceries
TXN02387,CUST0283,2026-05-04,1652.81,Home & Living
TXN00508,CUST0058,2026-05-04,2182.9,Clothing
TXN00291,CUST0033,2026-05-04,7126.31,Beauty
TXN01857,CUST0211,2026-05-04,2335.52,Beauty
TXN00392,CUST0043,2026-05-05,7980.18,Electronics
TXN02218,CUST0259,2026-05-05,2412.44,Sports
TXN01471,CUST0165,2026-05-05,4537.66,Electronics
TXN01984,CUST0228,2026-05-05,601.19,Beauty
TXN02505,CUST0291,2026-05-05,2469.65,Sports
TXN01825,CUST0209,2026-05-05,6755.97,Beauty
TXN00824,CUST0091,2026-05-05,2291.95,Home & Living
TXN00114,CUST0017,2026-05-06,1830.39,Groceries
TXN02373,CUST0282,2026-05-06,2483.4,Groceries
TXN02286,CUST0264,2026-05-06,1277.06,Home & Living
TXN00901,CUST0099,2026-05-06,7633.37,Clothing
TXN01020,CUST0109,2026-05-06,2136.76,Electronics
TXN01936,CUST0223,2026-05-06,2211.05,Beauty
TXN00154,CUST0022,2026-05-06,3386.45,Clothing
TXN01964,CUST0225,2026-05-07,1287.36,Electronics
TXN02519,CUST0292,2026-05-07,3326.74,Beauty
TXN00100,CUST0015,2026-05-07,510.6,Sports
TXN02445,CUST0286,2026-05-07,6390.66,Electronics
TXN02017,CUST0233,2026-05-07,675.15,Sports
TXN00036,CUST0007,2026-05-07,3399.37,Beauty
TXN00442,CUST0049,2026-05-07,775.65,Sports
TXN00869,CUST0096,2026-05-07,1881.36,Clothing
TXN01344,CUST0149,2026-05-07,6541.57,Electronics
TXN01313,CUST0146,2026-05-08,4364.54,Groceries
TXN02441,CUST0286,2026-05-08,5390.44,Sports
TXN02263,CUST0263,2026-05-08,3590.21,Electronics
TXN00853,CUST0094,2026-05-08,1384.59,Groceries
TXN02077,CUST0240,2026-05-08,842.8,Groceries
TXN01046,CUST0110,2026-05-08,2081.8,Clothing
TXN00925,CUST0100,2026-05-08,7682.97,Clothing
TXN00772,CUST0084,2026-05-08,6037.23,Groceries
TXN00488,CUST0057,2026-05-08,2632.84,Home & Living
TXN01826,CUST0209,2026-05-08,7905.93,Electronics
TXN01346,CUST0149,2026-05-09,7266.5,Groceries
TXN02598,CUST0300,2026-05-09,7031.01,Sports
TXN01695,CUST0191,2026-05-09,7875.58,Electronics
TXN01506,CUST0169,2026-05-09,2561.36,Sports
TXN02233,CUST0260,2026-05-09,6724.09,Electronics
TXN00421,CUST0047,2026-05-09,1364.15,Home & Living
TXN01302,CUST0145,2026-05-09,579.85,Clothing
TXN02174,CUST0254,2026-05-09,2233.88,Clothing
TXN00980,CUST0104,2026-05-09,1116.94,Home & Living
TXN02277,CUST0263,2026-05-10,3582.84,Clothing
TXN00194,CUST0025,2026-05-10,567.89,Beauty
TXN00596,CUST0066,2026-05-10,687.34,Home & Living
TXN01286,CUST0143,2026-05-11,1665.37,Clothing
TXN00795,CUST0086,2026-05-11,820.73,Beauty
TXN01210,CUST0133,2026-05-11,7319.02,Electronics
TXN01608,CUST0180,2026-05-11,4169.64,Home & Living
TXN01324,CUST0146,2026-05-11,2520.24,Home & Living
TXN01773,CUST0202,2026-05-11,4430.01,Groceries
TXN00814,CUST0090,2026-05-11,1309.14,Clothing
TXN00372,CUST0041,2026-05-11,3833.15,Home & Living
TXN00121,CUST0018,2026-05-12,1566.92,Clothing
TXN00294,CUST0033,2026-05-12,7147.92,Beauty
TXN01874,CUST0214,2026-05-12,1968.62,Groceries
TXN01849,CUST0210,2026-05-12,989.49,Beauty
TXN01272,CUST0142,2026-05-13,806.29,Clothing
TXN00086,CUST0014,2026-05-13,1926.7,Sports
TXN01757,CUST0202,2026-05-13,2090.14,Groceries
TXN01730,CUST0196,2026-05-13,626.51,Beauty
TXN02463,CUST0288,2026-05-14,993.38,Clothing
TXN00319,CUST0037,2026-05-14,2257.03,Beauty
TXN00639,CUST0069,2026-05-14,6215.24,Sports
TXN01214,CUST0133,2026-05-14,7708.38,Electronics
TXN00106,CUST0016,2026-05-14,1238.46,Groceries
TXN00495,CUST0057,2026-05-14,2200.3,Beauty
TXN02027,CUST0235,2026-05-14,1097.1,Beauty
TXN01544,CUST0172,2026-05-14,3641.25,Sports
TXN00278,CUST0032,2026-05-15,1731.48,Clothing
TXN01530,CUST0172,2026-05-15,2602.75,Electronics
TXN01697,CUST0191,2026-05-15,3903.73,Beauty
TXN02500,CUST0291,2026-05-15,2961.85,Clothing
TXN00024,CUST0006,2026-05-15,1979.82,Clothing
TXN00771,CUST0084,2026-05-15,2375.16,Beauty
TXN00874,CUST0097,2026-05-15,2375.93,Clothing
TXN01395,CUST0153,2026-05-15,2802.67,Groceries
TXN00524,CUST0059,2026-05-15,2579.21,Sports
TXN01208,CUST0133,2026-05-15,4764.4,Clothing
TXN01459,CUST0164,2026-05-16,596.16,Beauty
TXN01158,CUST0129,2026-05-16,5000.35,Home & Living
TXN01723,CUST0195,2026-05-16,879.11,Electronics
TXN01762,CUST0202,2026-05-16,2639.31,Beauty
TXN02485,CUST0290,2026-05-17,2480.35,Groceries
TXN02597,CUST0300,2026-05-17,7423.88,Groceries
TXN01271,CUST0142,2026-05-18,1826.62,Sports
TXN00728,CUST0080,2026-05-18,2713.25,Electronics
TXN00953,CUST0101,2026-05-18,4747.57,Beauty
TXN01806,CUST0207,2026-05-18,4680.63,Clothing
TXN01573,CUST0176,2026-05-18,1478.56,Electronics
TXN02581,CUST0298,2026-05-18,576.24,Electronics
TXN00220,CUST0028,2026-05-18,682.97,Electronics
TXN00552,CUST0061,2026-05-19,1715.81,Electronics
TXN00384,CUST0042,2026-05-19,1512.22,Home & Living
TXN00355,CUST0040,2026-05-19,1691.5,Electronics
TXN00393,CUST0043,2026-05-19,5162.25,Groceries
TXN02098,CUST0244,2026-05-20,1784.42,Groceries
TXN01372,CUST0150,2026-05-20,693.96,Home & Living
TXN02002,CUST0232,2026-05-20,1464.85,Beauty
TXN02410,CUST0284,2026-05-20,3148.96,Electronics
TXN00394,CUST0043,2026-05-21,4206.56,Home & Living
TXN00487,CUST0057,2026-05-21,7455.32,Electronics
TXN01572,CUST0176,2026-05-21,653.24,Beauty
TXN02475,CUST0289,2026-05-21,926.11,Groceries
TXN00732,CUST0080,2026-05-22,7821.54,Beauty
TXN00823,CUST0091,2026-05-22,4239.45,Home & Living
TXN01628,CUST0182,2026-05-22,4713.29,Clothing
TXN00359,CUST0041,2026-05-22,3141.95,Groceries
TXN01788,CUST0206,2026-05-22,7619.97,Home & Living
TXN01925,CUST0223,2026-05-22,6875.68,Electronics
TXN02437,CUST0286,2026-05-22,7359.6,Home & Living
TXN00156,CUST0022,2026-05-22,5340.33,Groceries
TXN01310,CUST0146,2026-05-22,7112.29,Clothing
TXN00770,CUST0084,2026-05-23,3286.44,Beauty
TXN01082,CUST0118,2026-05-23,1896.4,Home & Living
TXN01343,CUST0149,2026-05-23,7633.26,Sports
TXN02138,CUST0247,2026-05-23,980.62,Home & Living
TXN00948,CUST0101,2026-05-23,6701.0,Home & Living
TXN02009,CUST0233,2026-05-23,1608.36,Home & Living
TXN00898,CUST0099,2026-05-23,3312.26,Beauty
TXN01672,CUST0189,2026-05-24,2463.79,Home & Living
TXN00702,CUST0078,2026-05-24,2862.89,Groceries
TXN00383,CUST0042,2026-05-24,792.75,Beauty
TXN02596,CUST0300,2026-05-24,2508.37,Clothing
TXN01470,CUST0165,2026-05-24,6909.85,Home & Living
TXN00810,CUST0090,2026-05-24,1877.26,Home & Living
TXN00352,CUST0040,2026-05-24,1949.03,Clothing
TXN01203,CUST0133,2026-05-25,2663.62,Home & Living
TXN00247,CUST0030,2026-05-25,6636.94,Home & Living
TXN00033,CUST0007,2026-05-25,6128.18,Groceries
TXN02262,CUST0263,2026-05-25,4148.87,Beauty
TXN02402,CUST0284,2026-05-25,5845.12,Home & Living
TXN02497,CUST0291,2026-05-25,5099.99,Groceries
TXN00671,CUST0073,2026-05-25,7504.92,Sports
TXN01603,CUST0180,2026-05-25,6603.68,Groceries
TXN01648,CUST0185,2026-05-25,1664.29,Clothing
TXN02117,CUST0245,2026-05-25,3485.39,Groceries
TXN01031,CUST0110,2026-05-26,7052.09,Home & Living
TXN00610,CUST0067,2026-05-26,4050.69,Beauty
TXN02551,CUST0295,2026-05-26,4631.93,Beauty
TXN00486,CUST0057,2026-05-26,2163.0,Electronics
TXN01505,CUST0169,2026-05-26,5625.83,Groceries
TXN01285,CUST0143,2026-05-26,849.18,Groceries
TXN00766,CUST0084,2026-05-27,6903.51,Clothing
TXN00727,CUST0080,2026-05-27,3171.44,Beauty
TXN00923,CUST0100,2026-05-28,3762.66,Clothing
TXN02436,CUST0286,2026-05-28,5868.03,Electronics
TXN00525,CUST0059,2026-05-28,4812.61,Electronics
TXN01108,CUST0124,2026-05-28,7967.49,Electronics
TXN00332,CUST0038,2026-05-29,5884.85,Home & Living
TXN00897,CUST0099,2026-05-29,5970.0,Sports
TXN00153,CUST0022,2026-05-29,7201.96,Electronics
TXN00636,CUST0069,2026-05-29,7581.03,Electronics
TXN00065,CUST0011,2026-05-30,7113.09,Sports
TXN00606,CUST0067,2026-05-30,2806.61,Sports
TXN01393,CUST0153,2026-05-30,3265.82,Home & Living
TXN02400,CUST0284,2026-05-30,2377.83,Groceries
TXN01756,CUST0202,2026-05-31,2988.39,Clothing
TXN00289,CUST0033,2026-05-31,6656.0,Home & Living
TXN00358,CUST0041,2026-05-31,5905.26,Sports
TXN02232,CUST0260,2026-06-01,7811.83,Beauty
TXN01154,CUST0129,2026-06-01,5387.54,Groceries
TXN02513,CUST0292,2026-06-01,6717.76,Groceries
TXN01693,CUST0191,2026-06-02,4759.65,Clothing
TXN01824,CUST0209,2026-06-02,5304.14,Electronics
TXN00391,CUST0043,2026-06-02,2606.27,Home & Living
TXN01529,CUST0172,2026-06-02,6660.93,Clothing
TXN00521,CUST0059,2026-06-02,6523.77,Electronics
TXN02110,CUST0245,2026-06-03,3499.75,Groceries
TXN01805,CUST0207,2026-06-04,6265.37,Groceries
TXN02045,CUST0238,2026-06-04,4826.5,Electronics
TXN01308,CUST0146,2026-06-04,2337.35,Groceries
